order_id,order_date,customer_id,product_category,region,quantity, unit_price ,discount,payment_method,delivery_days,Revenue ,Revenue_Exc_dis,Status 
10001,1/1/2022,1102,Beauty,South,7, £373.65 ,28.00%,Wallet,10," £1,883.20 "," £2,615.55 ",Delayed
10002,1/2/2022,1435,Clothing,South,7, £47.74 ,9.00%,Card,6, £304.10 , £334.18 ,Delayed
10003,1/3/2022,1860,Beauty,East,3, £311.28 ,31.00%,COD,6, £644.35 , £933.84 ,Delayed
10004,1/4/2022,1270,Electronics,West,5, £524.47 ,2.00%,Wallet,6," £2,569.90 "," £2,622.35 ",Delayed
10005,1/5/2022,1106,Clothing,West,5, £139.87 ,33.00%,Wallet,4, £468.56 , £699.35 ,On Time
10006,1/6/2022,1071,Electronics,West,2, £264.44 ,20.00%,Card,3, £423.10 , £528.88 ,On Time
10007,1/7/2022,1700,Clothing,South,6, £564.60 ,23.00%,Card,1," £2,608.45 "," £3,387.60 ",On Time
10008,1/8/2022,1020,Beauty,North,6, £265.71 ,13.00%,Card,2," £1,387.01 "," £1,594.26 ",On Time
10009,1/9/2022,1614,Clothing,South,6, £224.65 ,27.00%,Card,2, £983.97 ," £1,347.90 ",On Time
10010,1/10/2022,1121,Clothing,West,4, £272.71 ,6.00%,Card,10," £1,025.39 "," £1,090.84 ",Delayed
10011,1/11/2022,1466,Clothing,West,6, £318.88 ,2.00%,COD,7," £1,875.01 "," £1,913.28 ",Delayed
10012,1/12/2022,1214,Electronics,West,3, £384.71 ,14.00%,COD,11, £992.55 ," £1,154.13 ",Delayed
10013,1/13/2022,1330,Beauty,South,7, £483.41 ,30.00%,COD,6," £2,368.71 "," £3,383.87 ",Delayed
10014,1/14/2022,1458,Clothing,West,7, £279.48 ,26.00%,COD,8," £1,447.71 "," £1,956.36 ",Delayed
10015,1/15/2022,1087,Clothing,East,4, £493.23 ,18.00%,Card,9," £1,617.79 "," £1,972.92 ",Delayed
10016,1/16/2022,1372,Clothing,West,2, £327.23 ,20.00%,Wallet,5, £523.57 , £654.46 ,On Time
10017,1/17/2022,1099,Clothing,North,3, £213.01 ,5.00%,Wallet,11, £607.08 , £639.03 ,Delayed
10018,1/18/2022,1871,Electronics,East,7, £399.90 ,29.00%,COD,3," £1,987.50 "," £2,799.30 ",On Time
10019,1/19/2022,1663,Home,West,3, £434.87 ,28.00%,Wallet,4, £939.32 ," £1,304.61 ",On Time
10020,1/20/2022,1130,Electronics,East,7, £341.46 ,23.00%,Card,11," £1,840.47 "," £2,390.22 ",Delayed
10021,1/21/2022,1661,Home,West,1, £48.12 ,16.00%,COD,8, £40.42 , £48.12 ,Delayed
10022,1/22/2022,1308,Home,North,2, £114.38 ,34.00%,Card,3, £150.98 , £228.76 ,On Time
10023,1/23/2022,1769,Home,West,2, £181.90 ,31.00%,Card,2, £251.02 , £363.80 ,On Time
10024,1/24/2022,1343,Clothing,East,1, £180.34 ,23.00%,Card,7, £138.86 , £180.34 ,Delayed
10025,1/25/2022,1491,Clothing,North,4, £408.95 ,13.00%,COD,4," £1,423.15 "," £1,635.80 ",On Time
10026,1/26/2022,1413,Electronics,South,7, £25.73 ,22.00%,Card,8, £140.49 , £180.11 ,Delayed
10027,1/27/2022,1805,Home,North,7, £457.07 ,20.00%,COD,1," £2,559.59 "," £3,199.49 ",On Time
10028,1/28/2022,1385,Electronics,North,7, £170.23 ,14.00%,Card,8," £1,024.78 "," £1,191.61 ",Delayed
10029,1/29/2022,1191,Clothing,North,6, £196.36 ,11.00%,Wallet,5," £1,048.56 "," £1,178.16 ",On Time
10030,1/30/2022,1955,Electronics,East,6, £323.83 ,14.00%,COD,2," £1,670.96 "," £1,942.98 ",On Time
10031,1/31/2022,1276,Electronics,North,6, £141.32 ,20.00%,Card,1, £678.34 , £847.92 ,On Time
10032,2/1/2022,1160,Clothing,West,6, £532.42 ,15.00%,Card,6," £2,715.34 "," £3,194.52 ",Delayed
10033,2/2/2022,1459,Electronics,North,6, £64.94 ,9.00%,Wallet,9, £354.57 , £389.64 ,Delayed
10034,2/3/2022,1313,Home,North,1, £274.96 ,27.00%,Card,9, £200.72 , £274.96 ,Delayed
10035,2/4/2022,1021,Electronics,West,2, £511.91 ,19.00%,COD,9, £829.29 ," £1,023.82 ",Delayed
10036,2/5/2022,1252,Electronics,West,4, £375.27 ,2.00%,COD,11," £1,471.06 "," £1,501.08 ",Delayed
10037,2/6/2022,1747,Clothing,South,3, £186.01 ,13.00%,Card,4, £485.49 , £558.03 ,On Time
10038,2/7/2022,1856,Electronics,North,6, £261.14 ,31.00%,Card,6," £1,081.12 "," £1,566.84 ",Delayed
10039,2/8/2022,1560,Electronics,East,1, £428.42 ,26.00%,COD,10, £317.03 , £428.42 ,Delayed
10040,2/9/2022,1474,Home,North,7, £584.36 ,11.00%,Card,6," £3,640.56 "," £4,090.52 ",Delayed
10041,2/10/2022,1058,Electronics,North,4, £537.49 ,33.00%,Card,5," £1,440.47 "," £2,149.96 ",On Time
10042,2/11/2022,1510,Home,West,4, £215.32 ,3.00%,Card,2, £835.44 , £861.28 ,On Time
10043,2/12/2022,1681,Electronics,South,4, £598.95 ,34.00%,Card,7," £1,581.23 "," £2,395.80 ",Delayed
10044,2/13/2022,1475,Electronics,North,1, £17.05 ,9.00%,Card,1, £15.52 , £17.05 ,On Time
10045,2/14/2022,1699,Home,East,3, £31.16 ,0.00%,Wallet,6, £93.48 , £93.48 ,Delayed
10046,2/15/2022,1975,Electronics,North,6, £496.95 ,15.00%,COD,5," £2,534.45 "," £2,981.70 ",On Time
10047,2/16/2022,1782,Electronics,East,4, £131.69 ,13.00%,COD,5, £458.28 , £526.76 ,On Time
10048,2/17/2022,1189,Clothing,West,1, £50.55 ,19.00%,Card,8, £40.95 , £50.55 ,Delayed
10049,2/18/2022,1957,Electronics,South,7, £153.73 ,28.00%,Card,9, £774.80 ," £1,076.11 ",Delayed
10050,2/19/2022,1686,Home,North,2, £264.27 ,29.00%,Wallet,7, £375.26 , £528.54 ,Delayed
10051,2/20/2022,1957,Electronics,South,7, £442.38 ,14.00%,COD,10," £2,663.13 "," £3,096.66 ",Delayed
10052,2/21/2022,1562,Home,North,1, £380.24 ,15.00%,Card,8, £323.20 , £380.24 ,Delayed
10053,2/22/2022,1875,Beauty,East,1, £154.01 ,5.00%,Card,2, £146.31 , £154.01 ,On Time
10054,2/23/2022,1566,Clothing,South,1, £309.41 ,2.00%,COD,2, £303.22 , £309.41 ,On Time
10055,2/24/2022,1243,Beauty,North,4, £556.84 ,22.00%,Wallet,8," £1,737.34 "," £2,227.36 ",Delayed
10056,2/25/2022,1831,Clothing,West,1, £491.78 ,2.00%,Card,6, £481.94 , £491.78 ,Delayed
10057,2/26/2022,1504,Beauty,East,2, £204.07 ,26.00%,COD,8, £302.02 , £408.14 ,Delayed
10058,2/27/2022,1130,Electronics,South,4, £589.62 ,19.00%,COD,9," £1,910.37 "," £2,358.48 ",Delayed
10059,2/28/2022,1484,Home,North,7, £429.54 ,7.00%,Wallet,9," £2,796.31 "," £3,006.78 ",Delayed
10060,3/1/2022,1818,Clothing,South,2, £51.53 ,19.00%,Wallet,11, £83.48 , £103.06 ,Delayed
10061,3/2/2022,1646,Clothing,North,5, £35.57 ,6.00%,Card,6, £167.18 , £177.85 ,Delayed
10062,3/3/2022,1020,Clothing,East,7, £113.52 ,15.00%,COD,8, £675.44 , £794.64 ,Delayed
10063,3/4/2022,1840,Home,West,1, £440.80 ,28.00%,COD,2, £317.38 , £440.80 ,On Time
10064,3/5/2022,1166,Electronics,East,6, £122.49 ,16.00%,COD,8, £617.35 , £734.94 ,Delayed
10065,3/6/2022,1273,Electronics,South,6, £314.22 ,5.00%,Wallet,3," £1,791.05 "," £1,885.32 ",On Time
10066,3/7/2022,1387,Home,South,4, £69.56 ,25.00%,Wallet,1, £208.68 , £278.24 ,On Time
10067,3/8/2022,1600,Home,North,6, £553.72 ,7.00%,Card,7," £3,089.76 "," £3,322.32 ",Delayed
10068,3/9/2022,1315,Beauty,East,7, £216.22 ,26.00%,Card,1," £1,120.02 "," £1,513.54 ",On Time
10069,3/10/2022,1013,Home,North,4, £546.26 ,17.00%,COD,11," £1,813.58 "," £2,185.04 ",Delayed
10070,3/11/2022,1241,Beauty,East,7, £567.75 ,16.00%,Card,1," £3,338.37 "," £3,974.25 ",On Time
10071,3/12/2022,1776,Home,South,1, £18.59 ,30.00%,Card,1, £13.01 , £18.59 ,On Time
10072,3/13/2022,1345,Electronics,North,3, £286.52 ,25.00%,Card,4, £644.67 , £859.56 ,On Time
10073,3/14/2022,1564,Electronics,North,3, £29.42 ,1.00%,Wallet,4, £87.38 , £88.26 ,On Time
10074,3/15/2022,1897,Home,East,2, £546.59 ,10.00%,Card,10, £983.86 ," £1,093.18 ",Delayed
10075,3/16/2022,1339,Clothing,West,1, £318.27 ,30.00%,COD,11, £222.79 , £318.27 ,Delayed
10076,3/17/2022,1091,Electronics,East,6, £58.84 ,1.00%,Card,6, £349.51 , £353.04 ,Delayed
10077,3/18/2022,1366,Clothing,West,1, £79.51 ,19.00%,Card,10, £64.40 , £79.51 ,Delayed
10078,3/19/2022,1955,Beauty,East,5, £239.35 ,25.00%,Card,3, £897.56 ," £1,196.75 ",On Time
10079,3/20/2022,1454,Clothing,South,3, £565.04 ,22.00%,Card,10," £1,322.19 "," £1,695.12 ",Delayed
10080,3/21/2022,1427,Clothing,North,6, £420.35 ,27.00%,Wallet,6," £1,841.13 "," £2,522.10 ",Delayed
10081,3/22/2022,1508,Clothing,East,7, £522.56 ,25.00%,Wallet,7," £2,743.44 "," £3,657.92 ",Delayed
10082,3/23/2022,1775,Electronics,South,7, £229.38 ,24.00%,COD,11," £1,220.30 "," £1,605.66 ",Delayed
10083,3/24/2022,1942,Clothing,East,3, £40.28 ,29.00%,Card,1, £85.80 , £120.84 ,On Time
10084,3/25/2022,1034,Clothing,North,1, £584.98 ,23.00%,COD,6, £450.43 , £584.98 ,Delayed
10085,3/26/2022,1205,Electronics,East,6, £25.05 ,14.00%,Card,10, £129.26 , £150.30 ,Delayed
10086,3/27/2022,1080,Home,West,2, £569.38 ,17.00%,Card,1, £945.17 ," £1,138.76 ",On Time
10087,3/28/2022,1931,Clothing,North,7, £230.68 ,25.00%,COD,7," £1,211.07 "," £1,614.76 ",Delayed
10088,3/29/2022,1561,Home,West,1, £20.90 ,31.00%,COD,10, £14.42 , £20.90 ,Delayed
10089,3/30/2022,1871,Beauty,South,2, £418.16 ,10.00%,Card,5, £752.69 , £836.32 ,On Time
10090,3/31/2022,1387,Electronics,South,6, £588.62 ,12.00%,Card,10," £3,107.91 "," £3,531.72 ",Delayed
10091,4/1/2022,1001,Home,East,3, £579.89 ,33.00%,Wallet,4," £1,165.58 "," £1,739.67 ",On Time
10092,4/2/2022,1389,Clothing,West,5, £109.15 ,20.00%,Card,1, £436.60 , £545.75 ,On Time
10093,4/3/2022,1565,Beauty,West,4, £121.03 ,6.00%,Wallet,9, £455.07 , £484.12 ,Delayed
10094,4/4/2022,1105,Electronics,North,3, £345.84 ,23.00%,Wallet,7, £798.89 ," £1,037.52 ",Delayed
10095,4/5/2022,1771,Home,West,2, £387.82 ,35.00%,COD,2, £504.17 , £775.64 ,On Time
10096,4/6/2022,1821,Clothing,West,1, £447.56 ,29.00%,Card,4, £317.77 , £447.56 ,On Time
10097,4/7/2022,1476,Electronics,North,7, £120.91 ,26.00%,COD,4, £626.31 , £846.37 ,On Time
10098,4/8/2022,1702,Electronics,North,6, £576.02 ,7.00%,Card,8," £3,214.19 "," £3,456.12 ",Delayed
10099,4/9/2022,1401,Home,West,3, £388.66 ,31.00%,Card,2, £804.53 ," £1,165.98 ",On Time
10100,4/10/2022,1729,Home,East,7, £510.52 ,18.00%,COD,11," £2,930.38 "," £3,573.64 ",Delayed
10101,4/11/2022,1555,Electronics,North,7, £330.94 ,31.00%,Card,5," £1,598.44 "," £2,316.58 ",On Time
10102,4/12/2022,1161,Clothing,North,5, £257.35 ,12.00%,Card,10," £1,132.34 "," £1,286.75 ",Delayed
10103,4/13/2022,1201,Clothing,West,6, £586.65 ,2.00%,COD,8," £3,449.50 "," £3,519.90 ",Delayed
10104,4/14/2022,1957,Home,West,2, £355.54 ,17.00%,COD,6, £590.20 , £711.08 ,Delayed
10105,4/15/2022,1995,Electronics,North,6, £522.12 ,9.00%,Card,4," £2,850.78 "," £3,132.72 ",On Time
10106,4/16/2022,1269,Beauty,West,6, £572.68 ,25.00%,Card,5," £2,577.06 "," £3,436.08 ",On Time
10107,4/17/2022,1862,Electronics,North,1, £410.08 ,33.00%,Card,2, £274.75 , £410.08 ,On Time
10108,4/18/2022,1815,Clothing,East,4, £336.13 ,24.00%,Card,5," £1,021.84 "," £1,344.52 ",On Time
10109,4/19/2022,1270,Electronics,East,7, £17.05 ,31.00%,COD,3, £82.35 , £119.35 ,On Time
10110,4/20/2022,1455,Electronics,North,2, £38.41 ,16.00%,COD,3, £64.53 , £76.82 ,On Time
10111,4/21/2022,1461,Clothing,North,1, £132.50 ,27.00%,COD,7, £96.73 , £132.50 ,Delayed
10112,4/22/2022,1726,Electronics,South,7, £123.81 ,30.00%,Card,3, £606.67 , £866.67 ,On Time
10113,4/23/2022,1251,Home,South,4, £164.03 ,25.00%,Card,4, £492.09 , £656.12 ,On Time
10114,4/24/2022,1701,Electronics,West,1, £193.39 ,18.00%,Card,7, £158.58 , £193.39 ,Delayed
10115,4/25/2022,1295,Clothing,West,4, £225.64 ,22.00%,Card,3, £704.00 , £902.56 ,On Time
10116,4/26/2022,1724,Electronics,North,4, £261.01 ,25.00%,Card,10, £783.03 ," £1,044.04 ",Delayed
10117,4/27/2022,1719,Electronics,North,4, £72.84 ,9.00%,Card,10, £265.14 , £291.36 ,Delayed
10118,4/28/2022,1748,Electronics,South,1, £39.78 ,28.00%,Card,2, £28.64 , £39.78 ,On Time
10119,4/29/2022,1337,Clothing,South,6, £409.26 ,33.00%,COD,10," £1,645.23 "," £2,455.56 ",Delayed
10120,4/30/2022,1878,Clothing,North,4, £329.34 ,16.00%,COD,7," £1,106.58 "," £1,317.36 ",Delayed
10121,5/1/2022,1052,Clothing,East,6, £274.82 ,25.00%,COD,5," £1,236.69 "," £1,648.92 ",On Time
10122,5/2/2022,1791,Clothing,East,7, £386.15 ,26.00%,Card,1," £2,000.26 "," £2,703.05 ",On Time
10123,5/3/2022,1921,Clothing,West,7, £499.19 ,23.00%,Wallet,10," £2,690.63 "," £3,494.33 ",Delayed
10124,5/4/2022,1216,Electronics,North,2, £265.20 ,19.00%,Wallet,8, £429.62 , £530.40 ,Delayed
10125,5/5/2022,1763,Clothing,North,5, £390.05 ,31.00%,Card,3," £1,345.67 "," £1,950.25 ",On Time
10126,5/6/2022,1187,Beauty,West,6, £572.84 ,16.00%,COD,11," £2,887.11 "," £3,437.04 ",Delayed
10127,5/7/2022,1379,Clothing,South,7, £506.18 ,2.00%,Wallet,7," £3,472.39 "," £3,543.26 ",Delayed
10128,5/8/2022,1492,Home,South,5, £264.21 ,30.00%,COD,6, £924.74 ," £1,321.05 ",Delayed
10129,5/9/2022,1040,Electronics,East,4, £392.16 ,24.00%,Card,10," £1,192.17 "," £1,568.64 ",Delayed
10130,5/10/2022,1156,Home,North,5, £118.59 ,30.00%,COD,6, £415.07 , £592.95 ,Delayed
10131,5/11/2022,1014,Home,South,5, £342.91 ,5.00%,COD,8," £1,628.82 "," £1,714.55 ",Delayed
10132,5/12/2022,1812,Clothing,East,4, £589.08 ,1.00%,Card,4," £2,332.76 "," £2,356.32 ",On Time
10133,5/13/2022,1064,Beauty,East,6, £318.21 ,33.00%,Wallet,4," £1,279.20 "," £1,909.26 ",On Time
10134,5/14/2022,1856,Electronics,East,4, £557.67 ,5.00%,COD,3," £2,119.15 "," £2,230.68 ",On Time
10135,5/15/2022,1838,Electronics,South,2, £253.29 ,28.00%,Card,1, £364.74 , £506.58 ,On Time
10136,5/16/2022,1520,Home,South,3, £599.32 ,29.00%,COD,10," £1,276.55 "," £1,797.96 ",Delayed
10137,5/17/2022,1343,Home,North,1, £353.84 ,25.00%,COD,3, £265.38 , £353.84 ,On Time
10138,5/18/2022,1128,Electronics,North,4, £39.73 ,5.00%,Card,1, £150.97 , £158.92 ,On Time
10139,5/19/2022,1647,Electronics,East,4, £358.25 ,23.00%,Card,6," £1,103.41 "," £1,433.00 ",Delayed
10140,5/20/2022,1471,Electronics,East,5, £175.63 ,31.00%,Wallet,8, £605.92 , £878.15 ,Delayed
10141,5/21/2022,1062,Electronics,South,2, £34.00 ,15.00%,COD,3, £57.80 , £68.00 ,On Time
10142,5/22/2022,1138,Home,South,7, £495.20 ,14.00%,Card,4," £2,981.10 "," £3,466.40 ",On Time
10143,5/23/2022,1498,Clothing,North,7, £176.30 ,16.00%,Card,5," £1,036.64 "," £1,234.10 ",On Time
10144,5/24/2022,1592,Electronics,North,5, £480.98 ,3.00%,COD,7," £2,332.75 "," £2,404.90 ",Delayed
10145,5/25/2022,1391,Clothing,West,6, £183.61 ,31.00%,COD,11, £760.15 ," £1,101.66 ",Delayed
10146,5/26/2022,1674,Electronics,North,4, £128.68 ,30.00%,Card,6, £360.30 , £514.72 ,Delayed
10147,5/27/2022,1418,Electronics,South,4, £584.75 ,35.00%,COD,2," £1,520.35 "," £2,339.00 ",On Time
10148,5/28/2022,1288,Clothing,East,5, £226.56 ,20.00%,Card,7, £906.24 ," £1,132.80 ",Delayed
10149,5/29/2022,1378,Beauty,West,4, £366.81 ,26.00%,Card,8," £1,085.76 "," £1,467.24 ",Delayed
10150,5/30/2022,1772,Home,North,6, £371.84 ,7.00%,COD,1," £2,074.87 "," £2,231.04 ",On Time
10151,5/31/2022,1489,Electronics,North,3, £342.88 ,23.00%,Card,6, £792.05 ," £1,028.64 ",Delayed
10152,6/1/2022,1230,Beauty,South,1, £550.10 ,23.00%,Wallet,11, £423.58 , £550.10 ,Delayed
10153,6/2/2022,1040,Home,West,1, £409.55 ,32.00%,Card,9, £278.49 , £409.55 ,Delayed
10154,6/3/2022,1027,Home,North,1, £251.18 ,29.00%,COD,7, £178.34 , £251.18 ,Delayed
10155,6/4/2022,1134,Clothing,East,3, £519.49 ,33.00%,Card,5," £1,044.17 "," £1,558.47 ",On Time
10156,6/5/2022,1200,Clothing,South,4, £120.92 ,30.00%,Card,10, £338.58 , £483.68 ,Delayed
10157,6/6/2022,1839,Electronics,West,5, £333.38 ,30.00%,COD,11," £1,166.83 "," £1,666.90 ",Delayed
10158,6/7/2022,1779,Electronics,North,7, £571.07 ,2.00%,COD,10," £3,917.54 "," £3,997.49 ",Delayed
10159,6/8/2022,1929,Electronics,North,2, £380.86 ,30.00%,COD,9, £533.20 , £761.72 ,Delayed
10160,6/9/2022,1032,Electronics,West,4, £492.93 ,21.00%,COD,2," £1,557.66 "," £1,971.72 ",On Time
10161,6/10/2022,1047,Clothing,South,3, £397.33 ,13.00%,COD,7," £1,037.03 "," £1,191.99 ",Delayed
10162,6/11/2022,1502,Home,West,6, £506.03 ,2.00%,COD,9," £2,975.46 "," £3,036.18 ",Delayed
10163,6/12/2022,1406,Clothing,West,3, £567.53 ,24.00%,COD,2," £1,293.97 "," £1,702.59 ",On Time
10164,6/13/2022,1573,Electronics,South,7, £174.66 ,11.00%,COD,11," £1,088.13 "," £1,222.62 ",Delayed
10165,6/14/2022,1727,Beauty,North,1, £114.25 ,16.00%,COD,10, £95.97 , £114.25 ,Delayed
10166,6/15/2022,1804,Beauty,East,4, £298.13 ,24.00%,Wallet,6, £906.32 ," £1,192.52 ",Delayed
10167,6/16/2022,1098,Home,South,7, £425.59 ,32.00%,Card,9," £2,025.81 "," £2,979.13 ",Delayed
10168,6/17/2022,1683,Beauty,East,1, £147.91 ,29.00%,COD,3, £105.02 , £147.91 ,On Time
10169,6/18/2022,1871,Clothing,North,2, £17.40 ,16.00%,Card,8, £29.23 , £34.80 ,Delayed
10170,6/19/2022,1725,Beauty,West,6, £215.62 ,14.00%,Card,5," £1,112.60 "," £1,293.72 ",On Time
10171,6/20/2022,1986,Electronics,East,1, £581.78 ,8.00%,Card,7, £535.24 , £581.78 ,Delayed
10172,6/21/2022,1546,Clothing,North,2, £421.56 ,13.00%,Wallet,3, £733.51 , £843.12 ,On Time
10173,6/22/2022,1960,Electronics,North,3, £249.78 ,4.00%,COD,8, £719.37 , £749.34 ,Delayed
10174,6/23/2022,1738,Electronics,West,1, £127.66 ,34.00%,COD,2, £84.26 , £127.66 ,On Time
10175,6/24/2022,1612,Electronics,West,1, £223.31 ,20.00%,Card,8, £178.65 , £223.31 ,Delayed
10176,6/25/2022,1942,Clothing,North,5, £114.36 ,4.00%,COD,2, £548.93 , £571.80 ,On Time
10177,6/26/2022,1461,Home,North,6, £77.19 ,12.00%,Wallet,7, £407.56 , £463.14 ,Delayed
10178,6/27/2022,1642,Clothing,East,6, £545.44 ,19.00%,Card,2," £2,650.84 "," £3,272.64 ",On Time
10179,6/28/2022,1768,Electronics,North,7, £598.63 ,19.00%,Card,7," £3,394.23 "," £4,190.41 ",Delayed
10180,6/29/2022,1004,Home,North,3, £111.01 ,1.00%,Card,1, £329.70 , £333.03 ,On Time
10181,6/30/2022,1217,Clothing,East,5, £46.90 ,33.00%,COD,6, £157.12 , £234.50 ,Delayed
10182,7/1/2022,1502,Clothing,South,7, £207.89 ,10.00%,COD,10," £1,309.71 "," £1,455.23 ",Delayed
10183,7/2/2022,1766,Home,East,2, £285.07 ,1.00%,COD,7, £564.44 , £570.14 ,Delayed
10184,7/3/2022,1397,Electronics,East,7, £134.82 ,3.00%,COD,4, £915.43 , £943.74 ,On Time
10185,7/4/2022,1870,Electronics,West,2, £191.33 ,20.00%,Card,11, £306.13 , £382.66 ,Delayed
10186,7/5/2022,1794,Beauty,East,3, £132.51 ,5.00%,COD,11, £377.65 , £397.53 ,Delayed
10187,7/6/2022,1392,Electronics,North,6, £467.94 ,1.00%,Card,1," £2,779.56 "," £2,807.64 ",On Time
10188,7/7/2022,1206,Clothing,North,2, £431.86 ,13.00%,Card,6, £751.44 , £863.72 ,Delayed
10189,7/8/2022,1014,Beauty,North,3, £386.45 ,22.00%,COD,4, £904.29 ," £1,159.35 ",On Time
10190,7/9/2022,1857,Home,South,7, £241.52 ,4.00%,Wallet,3," £1,623.01 "," £1,690.64 ",On Time
10191,7/10/2022,1553,Electronics,North,2, £546.79 ,11.00%,COD,4, £973.29 ," £1,093.58 ",On Time
10192,7/11/2022,1891,Electronics,South,4, £582.18 ,15.00%,COD,6," £1,979.41 "," £2,328.72 ",Delayed
10193,7/12/2022,1460,Electronics,North,1, £116.58 ,6.00%,Card,5, £109.59 , £116.58 ,On Time
10194,7/13/2022,1690,Clothing,East,7, £145.46 ,18.00%,Card,2, £834.94 ," £1,018.22 ",On Time
10195,7/14/2022,1574,Clothing,West,6, £322.49 ,3.00%,Card,2," £1,876.89 "," £1,934.94 ",On Time
10196,7/15/2022,1863,Electronics,North,7, £68.38 ,2.00%,Wallet,3, £469.09 , £478.66 ,On Time
10197,7/16/2022,1742,Beauty,South,4, £270.32 ,18.00%,Wallet,11, £886.65 ," £1,081.28 ",Delayed
10198,7/17/2022,1240,Clothing,South,3, £355.35 ,9.00%,Wallet,6, £970.11 ," £1,066.05 ",Delayed
10199,7/18/2022,1563,Electronics,West,3, £320.41 ,3.00%,Card,1, £932.39 , £961.23 ,On Time
10200,7/19/2022,1095,Clothing,North,7, £208.58 ,15.00%,COD,11," £1,241.05 "," £1,460.06 ",Delayed
10201,7/20/2022,1899,Home,East,4, £332.33 ,32.00%,COD,7, £903.94 ," £1,329.32 ",Delayed
10202,7/21/2022,1733,Electronics,North,7, £575.90 ,25.00%,COD,8," £3,023.48 "," £4,031.30 ",Delayed
10203,7/22/2022,1484,Electronics,North,1, £135.52 ,29.00%,COD,7, £96.22 , £135.52 ,Delayed
10204,7/23/2022,1406,Home,West,1, £398.08 ,31.00%,COD,11, £274.68 , £398.08 ,Delayed
10205,7/24/2022,1230,Clothing,North,5, £40.39 ,34.00%,Card,3, £133.29 , £201.95 ,On Time
10206,7/25/2022,1748,Clothing,East,2, £53.85 ,27.00%,Card,6, £78.62 , £107.70 ,Delayed
10207,7/26/2022,1654,Clothing,South,5, £337.82 ,21.00%,Card,4," £1,334.39 "," £1,689.10 ",On Time
10208,7/27/2022,1170,Electronics,West,1, £76.39 ,13.00%,Card,5, £66.46 , £76.39 ,On Time
10209,7/28/2022,1540,Electronics,East,4, £28.07 ,6.00%,Card,3, £105.54 , £112.28 ,On Time
10210,7/29/2022,1035,Clothing,South,2, £115.34 ,24.00%,Card,5, £175.32 , £230.68 ,On Time
10211,7/30/2022,1524,Electronics,West,4, £345.44 ,35.00%,Card,6, £898.14 ," £1,381.76 ",Delayed
10212,7/31/2022,1159,Electronics,West,5, £426.45 ,16.00%,COD,8," £1,791.09 "," £2,132.25 ",Delayed
10213,8/1/2022,1838,Home,South,3, £133.45 ,25.00%,Wallet,6, £300.26 , £400.35 ,Delayed
10214,8/2/2022,1698,Beauty,South,4, £405.93 ,17.00%,Wallet,9," £1,347.69 "," £1,623.72 ",Delayed
10215,8/3/2022,1242,Home,East,5, £121.75 ,15.00%,Card,10, £517.44 , £608.75 ,Delayed
10216,8/4/2022,1085,Beauty,North,5, £373.87 ,14.00%,Card,10," £1,607.64 "," £1,869.35 ",Delayed
10217,8/5/2022,1795,Electronics,North,5, £256.00 ,18.00%,Card,10," £1,049.60 "," £1,280.00 ",Delayed
10218,8/6/2022,1577,Beauty,North,3, £397.47 ,13.00%,Wallet,10," £1,037.40 "," £1,192.41 ",Delayed
10219,8/7/2022,1681,Electronics,North,3, £597.11 ,26.00%,COD,4," £1,325.58 "," £1,791.33 ",On Time
10220,8/8/2022,1556,Beauty,North,7, £563.62 ,31.00%,Card,2," £2,722.28 "," £3,945.34 ",On Time
10221,8/9/2022,1573,Beauty,East,3, £17.50 ,31.00%,Wallet,9, £36.23 , £52.50 ,Delayed
10222,8/10/2022,1952,Home,West,2, £532.98 ,8.00%,Card,11, £980.68 ," £1,065.96 ",Delayed
10223,8/11/2022,1645,Beauty,East,3, £53.90 ,31.00%,Wallet,3, £111.57 , £161.70 ,On Time
10224,8/12/2022,1795,Clothing,East,3, £572.53 ,12.00%,Card,11," £1,511.48 "," £1,717.59 ",Delayed
10225,8/13/2022,1027,Electronics,East,3, £179.87 ,11.00%,Card,7, £480.25 , £539.61 ,Delayed
10226,8/14/2022,1619,Clothing,West,4, £238.49 ,25.00%,COD,4, £715.47 , £953.96 ,On Time
10227,8/15/2022,1555,Clothing,East,3, £68.61 ,11.00%,Wallet,1, £183.19 , £205.83 ,On Time
10228,8/16/2022,1339,Electronics,East,2, £80.68 ,2.00%,Wallet,8, £158.13 , £161.36 ,Delayed
10229,8/17/2022,1797,Clothing,West,5, £440.14 ,13.00%,COD,4," £1,914.61 "," £2,200.70 ",On Time
10230,8/18/2022,1957,Beauty,East,4, £567.43 ,25.00%,Card,11," £1,702.29 "," £2,269.72 ",Delayed
10231,8/19/2022,1330,Electronics,North,1, £372.29 ,11.00%,Card,6, £331.34 , £372.29 ,Delayed
10232,8/20/2022,1639,Home,South,3, £433.77 ,22.00%,Wallet,7," £1,015.02 "," £1,301.31 ",Delayed
10233,8/21/2022,1505,Beauty,East,7, £460.75 ,23.00%,COD,8," £2,483.44 "," £3,225.25 ",Delayed
10234,8/22/2022,1347,Beauty,South,7, £168.75 ,26.00%,COD,10, £874.13 ," £1,181.25 ",Delayed
10235,8/23/2022,1472,Beauty,East,5, £41.46 ,31.00%,Card,2, £143.04 , £207.30 ,On Time
10236,8/24/2022,1230,Clothing,East,5, £16.10 ,15.00%,COD,9, £68.43 , £80.50 ,Delayed
10237,8/25/2022,1189,Beauty,North,4, £220.13 ,6.00%,Card,10, £827.69 , £880.52 ,Delayed
10238,8/26/2022,1224,Home,West,7, £156.26 ,11.00%,COD,3, £973.50 ," £1,093.82 ",On Time
10239,8/27/2022,1384,Electronics,South,1, £51.46 ,15.00%,Wallet,1, £43.74 , £51.46 ,On Time
10240,8/28/2022,1376,Clothing,West,6, £120.02 ,25.00%,COD,2, £540.09 , £720.12 ,On Time
10241,8/29/2022,1282,Home,North,7, £87.83 ,0.00%,COD,8, £614.81 , £614.81 ,Delayed
10242,8/30/2022,1957,Electronics,North,7, £550.20 ,11.00%,Card,10," £3,427.75 "," £3,851.40 ",Delayed
10243,8/31/2022,1632,Clothing,South,2, £97.06 ,27.00%,Card,6, £141.71 , £194.12 ,Delayed
10244,9/1/2022,1627,Home,West,6, £329.52 ,23.00%,Wallet,11," £1,522.38 "," £1,977.12 ",Delayed
10245,9/2/2022,1972,Electronics,North,5, £361.97 ,26.00%,Card,1," £1,339.29 "," £1,809.85 ",On Time
10246,9/3/2022,1744,Clothing,East,6, £332.94 ,28.00%,Wallet,11," £1,438.30 "," £1,997.64 ",Delayed
10247,9/4/2022,1258,Home,East,7, £72.95 ,27.00%,COD,9, £372.77 , £510.65 ,Delayed
10248,9/5/2022,1358,Clothing,East,5, £201.50 ,24.00%,COD,7, £765.70 ," £1,007.50 ",Delayed
10249,9/6/2022,1709,Electronics,West,6, £44.99 ,15.00%,Wallet,10, £229.45 , £269.94 ,Delayed
10250,9/7/2022,1455,Electronics,East,5, £246.47 ,34.00%,COD,11, £813.35 ," £1,232.35 ",Delayed
10251,9/8/2022,1410,Clothing,East,5, £125.33 ,20.00%,Wallet,3, £501.32 , £626.65 ,On Time
10252,9/9/2022,1648,Beauty,North,4, £343.56 ,7.00%,Card,7," £1,278.04 "," £1,374.24 ",Delayed
10253,9/10/2022,1317,Electronics,North,1, £420.29 ,10.00%,COD,6, £378.26 , £420.29 ,Delayed
10254,9/11/2022,1676,Clothing,East,5, £326.29 ,24.00%,COD,3," £1,239.90 "," £1,631.45 ",On Time
10255,9/12/2022,1224,Electronics,East,2, £269.03 ,32.00%,Card,8, £365.88 , £538.06 ,Delayed
10256,9/13/2022,1818,Electronics,North,7, £241.59 ,6.00%,COD,1," £1,589.66 "," £1,691.13 ",On Time
10257,9/14/2022,1233,Home,South,7, £507.39 ,3.00%,COD,5," £3,445.18 "," £3,551.73 ",On Time
10258,9/15/2022,1683,Home,West,2, £143.33 ,31.00%,Wallet,8, £197.80 , £286.66 ,Delayed
10259,9/16/2022,1663,Electronics,West,3, £444.52 ,32.00%,Card,3, £906.82 ," £1,333.56 ",On Time
10260,9/17/2022,1974,Clothing,North,5, £458.13 ,10.00%,COD,11," £2,061.59 "," £2,290.65 ",Delayed
10261,9/18/2022,1826,Electronics,West,5, £260.23 ,13.00%,Card,10," £1,132.00 "," £1,301.15 ",Delayed
10262,9/19/2022,1373,Clothing,North,5, £188.92 ,23.00%,COD,11, £727.34 , £944.60 ,Delayed
10263,9/20/2022,1671,Home,North,6, £290.27 ,12.00%,COD,6," £1,532.63 "," £1,741.62 ",Delayed
10264,9/21/2022,1607,Electronics,North,5, £69.53 ,31.00%,COD,10, £239.88 , £347.65 ,Delayed
10265,9/22/2022,1471,Electronics,North,5, £41.87 ,4.00%,Card,11, £200.98 , £209.35 ,Delayed
10266,9/23/2022,1232,Clothing,South,2, £80.29 ,1.00%,Card,2, £158.97 , £160.58 ,On Time
10267,9/24/2022,1691,Beauty,East,1, £124.48 ,7.00%,Card,9, £115.77 , £124.48 ,Delayed
10268,9/25/2022,1112,Beauty,East,1, £309.94 ,10.00%,Card,2, £278.95 , £309.94 ,On Time
10269,9/26/2022,1829,Electronics,South,3, £511.74 ,4.00%,COD,5," £1,473.81 "," £1,535.22 ",On Time
10270,9/27/2022,1496,Home,West,2, £152.85 ,2.00%,Wallet,3, £299.59 , £305.70 ,On Time
10271,9/28/2022,1441,Clothing,West,5, £562.07 ,26.00%,Card,10," £2,079.66 "," £2,810.35 ",Delayed
10272,9/29/2022,1563,Clothing,East,1, £573.62 ,6.00%,Card,9, £539.20 , £573.62 ,Delayed
10273,9/30/2022,1267,Home,West,4, £575.96 ,32.00%,COD,9," £1,566.61 "," £2,303.84 ",Delayed
10274,10/1/2022,1509,Beauty,East,4, £504.97 ,13.00%,COD,7," £1,757.30 "," £2,019.88 ",Delayed
10275,10/2/2022,1806,Beauty,East,4, £227.84 ,23.00%,Card,10, £701.75 , £911.36 ,Delayed
10276,10/3/2022,1385,Clothing,South,5, £57.52 ,8.00%,Card,5, £264.59 , £287.60 ,On Time
10277,10/4/2022,1386,Clothing,West,5, £347.76 ,8.00%,Card,9," £1,599.70 "," £1,738.80 ",Delayed
10278,10/5/2022,1112,Home,South,3, £341.83 ,20.00%,Card,7, £820.39 ," £1,025.49 ",Delayed
10279,10/6/2022,1612,Electronics,East,7, £512.24 ,20.00%,Card,2," £2,868.54 "," £3,585.68 ",On Time
10280,10/7/2022,1624,Clothing,East,3, £597.65 ,27.00%,Card,10," £1,308.85 "," £1,792.95 ",Delayed
10281,10/8/2022,1951,Clothing,East,3, £312.27 ,27.00%,COD,1, £683.87 , £936.81 ,On Time
10282,10/9/2022,1080,Home,North,6, £216.94 ,23.00%,COD,10," £1,002.26 "," £1,301.64 ",Delayed
10283,10/10/2022,1698,Electronics,North,4, £123.75 ,16.00%,Card,10, £415.80 , £495.00 ,Delayed
10284,10/11/2022,1112,Electronics,North,5, £17.81 ,31.00%,COD,4, £61.44 , £89.05 ,On Time
10285,10/12/2022,1001,Beauty,South,4, £312.83 ,22.00%,COD,10, £976.03 ," £1,251.32 ",Delayed
10286,10/13/2022,1641,Electronics,East,3, £339.98 ,35.00%,Wallet,8, £662.96 ," £1,019.94 ",Delayed
10287,10/14/2022,1219,Clothing,West,5, £497.59 ,29.00%,Card,6," £1,766.44 "," £2,487.95 ",Delayed
10288,10/15/2022,1565,Electronics,South,2, £310.18 ,2.00%,COD,2, £607.95 , £620.36 ,On Time
10289,10/16/2022,1854,Electronics,South,1, £551.13 ,11.00%,COD,5, £490.51 , £551.13 ,On Time
10290,10/17/2022,1996,Electronics,South,1, £382.43 ,20.00%,Card,9, £305.94 , £382.43 ,Delayed
10291,10/18/2022,1735,Electronics,West,3, £506.60 ,25.00%,Wallet,6," £1,139.85 "," £1,519.80 ",Delayed
10292,10/19/2022,1224,Beauty,East,7, £101.76 ,19.00%,COD,6, £576.98 , £712.32 ,Delayed
10293,10/20/2022,1384,Electronics,North,4, £515.37 ,28.00%,COD,7," £1,484.27 "," £2,061.48 ",Delayed
10294,10/21/2022,1402,Beauty,East,2, £409.96 ,10.00%,Card,11, £737.93 , £819.92 ,Delayed
10295,10/22/2022,1637,Clothing,East,5, £114.59 ,6.00%,Card,5, £538.57 , £572.95 ,On Time
10296,10/23/2022,1129,Clothing,South,7, £126.01 ,2.00%,COD,3, £864.43 , £882.07 ,On Time
10297,10/24/2022,1052,Clothing,South,4, £557.00 ,20.00%,Card,3," £1,782.40 "," £2,228.00 ",On Time
10298,10/25/2022,1683,Clothing,South,3, £33.85 ,24.00%,COD,5, £77.18 , £101.55 ,On Time
10299,10/26/2022,1729,Home,North,4, £285.58 ,11.00%,Card,4," £1,016.66 "," £1,142.32 ",On Time
10300,10/27/2022,1671,Electronics,North,3, £198.38 ,21.00%,COD,5, £470.16 , £595.14 ,On Time
10301,10/28/2022,1709,Clothing,North,6, £404.07 ,2.00%,COD,9," £2,375.93 "," £2,424.42 ",Delayed
10302,10/29/2022,1415,Beauty,East,1, £506.18 ,3.00%,Card,5, £490.99 , £506.18 ,On Time
10303,10/30/2022,1246,Beauty,South,7, £225.82 ,25.00%,COD,4," £1,185.56 "," £1,580.74 ",On Time
10304,10/31/2022,1835,Beauty,West,1, £264.74 ,13.00%,Card,4, £230.32 , £264.74 ,On Time
10305,11/1/2022,1438,Clothing,East,4, £589.42 ,23.00%,Card,1," £1,815.41 "," £2,357.68 ",On Time
10306,11/2/2022,1202,Home,North,2, £473.59 ,29.00%,Card,10, £672.50 , £947.18 ,Delayed
10307,11/3/2022,1183,Clothing,West,5, £539.86 ,30.00%,Card,4," £1,889.51 "," £2,699.30 ",On Time
10308,11/4/2022,1122,Clothing,West,3, £271.68 ,6.00%,Card,4, £766.14 , £815.04 ,On Time
10309,11/5/2022,1400,Electronics,South,5, £151.93 ,17.00%,Wallet,9, £630.51 , £759.65 ,Delayed
10310,11/6/2022,1766,Clothing,West,1, £255.94 ,26.00%,Card,11, £189.40 , £255.94 ,Delayed
10311,11/7/2022,1293,Electronics,North,2, £433.91 ,27.00%,Card,4, £633.51 , £867.82 ,On Time
10312,11/8/2022,1279,Electronics,South,2, £79.02 ,27.00%,Card,7, £115.37 , £158.04 ,Delayed
10313,11/9/2022,1836,Beauty,West,5, £173.22 ,8.00%,Card,1, £796.81 , £866.10 ,On Time
10314,11/10/2022,1883,Electronics,South,1, £42.28 ,7.00%,COD,7, £39.32 , £42.28 ,Delayed
10315,11/11/2022,1609,Electronics,West,5, £267.92 ,21.00%,Card,2," £1,058.28 "," £1,339.60 ",On Time
10316,11/12/2022,1197,Electronics,East,4, £499.06 ,26.00%,COD,11," £1,477.22 "," £1,996.24 ",Delayed
10317,11/13/2022,1981,Beauty,East,2, £29.43 ,11.00%,Card,8, £52.39 , £58.86 ,Delayed
10318,11/14/2022,1906,Clothing,North,2, £410.06 ,4.00%,Wallet,1, £787.32 , £820.12 ,On Time
10319,11/15/2022,1510,Clothing,East,4, £560.51 ,25.00%,Card,10," £1,681.53 "," £2,242.04 ",Delayed
10320,11/16/2022,1751,Home,East,1, £153.60 ,10.00%,COD,3, £138.24 , £153.60 ,On Time
10321,11/17/2022,1143,Home,East,2, £420.78 ,6.00%,COD,8, £791.07 , £841.56 ,Delayed
10322,11/18/2022,1608,Electronics,West,7, £585.43 ,5.00%,Card,10," £3,893.11 "," £4,098.01 ",Delayed
10323,11/19/2022,1200,Home,West,6, £577.93 ,11.00%,COD,8," £3,086.15 "," £3,467.58 ",Delayed
10324,11/20/2022,1123,Home,South,6, £152.43 ,21.00%,COD,11, £722.52 , £914.58 ,Delayed
10325,11/21/2022,1186,Home,West,6, £73.69 ,13.00%,Card,5, £384.66 , £442.14 ,On Time
10326,11/22/2022,1325,Electronics,East,3, £101.75 ,1.00%,COD,5, £302.20 , £305.25 ,On Time
10327,11/23/2022,1463,Beauty,West,7, £425.69 ,3.00%,Wallet,8," £2,890.44 "," £2,979.83 ",Delayed
10328,11/24/2022,1348,Clothing,North,3, £439.57 ,10.00%,COD,10," £1,186.84 "," £1,318.71 ",Delayed
10329,11/25/2022,1770,Electronics,South,1, £409.43 ,23.00%,Wallet,5, £315.26 , £409.43 ,On Time
10330,11/26/2022,1659,Clothing,South,4, £211.61 ,3.00%,Card,9, £821.05 , £846.44 ,Delayed
10331,11/27/2022,1763,Electronics,West,5, £114.32 ,20.00%,COD,1, £457.28 , £571.60 ,On Time
10332,11/28/2022,1954,Electronics,East,7, £354.75 ,4.00%,Wallet,5," £2,383.92 "," £2,483.25 ",On Time
10333,11/29/2022,1931,Home,South,1, £297.95 ,7.00%,Card,3, £277.09 , £297.95 ,On Time
10334,11/30/2022,1402,Electronics,North,5, £441.37 ,6.00%,Wallet,3," £2,074.44 "," £2,206.85 ",On Time
10335,12/1/2022,1345,Clothing,North,1, £273.20 ,2.00%,Card,2, £267.74 , £273.20 ,On Time
10336,12/2/2022,1962,Clothing,South,3, £213.10 ,23.00%,Wallet,3, £492.26 , £639.30 ,On Time
10337,12/3/2022,1510,Electronics,East,6, £186.68 ,16.00%,Card,7, £940.87 ," £1,120.08 ",Delayed
10338,12/4/2022,1146,Beauty,East,4, £138.71 ,29.00%,Card,8, £393.94 , £554.84 ,Delayed
10339,12/5/2022,1147,Electronics,West,3, £170.46 ,3.00%,Wallet,8, £496.04 , £511.38 ,Delayed
10340,12/6/2022,1863,Electronics,West,4, £70.48 ,5.00%,Card,11, £267.82 , £281.92 ,Delayed
10341,12/7/2022,1710,Electronics,South,7, £217.91 ,11.00%,Card,8," £1,357.58 "," £1,525.37 ",Delayed
10342,12/8/2022,1819,Electronics,West,5, £36.39 ,27.00%,Card,1, £132.82 , £181.95 ,On Time
10343,12/9/2022,1488,Electronics,West,1, £124.05 ,11.00%,COD,11, £110.40 , £124.05 ,Delayed
10344,12/10/2022,1928,Home,West,2, £451.86 ,14.00%,Wallet,7, £777.20 , £903.72 ,Delayed
10345,12/11/2022,1935,Beauty,North,2, £205.40 ,11.00%,Card,2, £365.61 , £410.80 ,On Time
10346,12/12/2022,1639,Electronics,West,4, £405.92 ,3.00%,COD,11," £1,574.97 "," £1,623.68 ",Delayed
10347,12/13/2022,1550,Home,South,6, £434.38 ,33.00%,Card,10," £1,746.21 "," £2,606.28 ",Delayed
10348,12/14/2022,1337,Home,East,6, £354.99 ,19.00%,COD,4," £1,725.25 "," £2,129.94 ",On Time
10349,12/15/2022,1871,Home,West,4, £575.84 ,28.00%,Card,5," £1,658.42 "," £2,303.36 ",On Time
10350,12/16/2022,1640,Clothing,East,3, £27.54 ,23.00%,Card,1, £63.62 , £82.62 ,On Time
10351,12/17/2022,1778,Electronics,West,2, £447.11 ,18.00%,Card,4, £733.26 , £894.22 ,On Time
10352,12/18/2022,1987,Electronics,South,3, £575.89 ,3.00%,COD,4," £1,675.84 "," £1,727.67 ",On Time
10353,12/19/2022,1952,Home,North,5, £519.43 ,22.00%,Wallet,9," £2,025.78 "," £2,597.15 ",Delayed
10354,12/20/2022,1472,Home,South,2, £113.22 ,5.00%,COD,9, £215.12 , £226.44 ,Delayed
10355,12/21/2022,1945,Electronics,North,5, £206.19 ,15.00%,Card,11, £876.31 ," £1,030.95 ",Delayed
10356,12/22/2022,1150,Clothing,West,1, £115.88 ,22.00%,COD,10, £90.39 , £115.88 ,Delayed
10357,12/23/2022,1414,Beauty,West,3, £366.77 ,27.00%,COD,1, £803.23 ," £1,100.31 ",On Time
10358,12/24/2022,1989,Home,North,4, £431.63 ,24.00%,Card,8," £1,312.16 "," £1,726.52 ",Delayed
10359,12/25/2022,1297,Beauty,South,2, £200.49 ,24.00%,Card,4, £304.74 , £400.98 ,On Time
10360,12/26/2022,1610,Home,South,3, £330.61 ,5.00%,Card,4, £942.24 , £991.83 ,On Time
10361,12/27/2022,1262,Clothing,North,4, £419.19 ,12.00%,COD,5," £1,475.55 "," £1,676.76 ",On Time
10362,12/28/2022,1763,Clothing,West,1, £261.48 ,2.00%,COD,2, £256.25 , £261.48 ,On Time
10363,12/29/2022,1143,Home,North,2, £514.60 ,25.00%,COD,1, £771.90 ," £1,029.20 ",On Time
10364,12/30/2022,1345,Electronics,West,5, £466.36 ,33.00%,Card,5," £1,562.31 "," £2,331.80 ",On Time
10365,12/31/2022,1623,Clothing,North,1, £52.83 ,9.00%,Card,7, £48.08 , £52.83 ,Delayed
10366,1/1/2023,1571,Home,West,6, £378.36 ,3.00%,Wallet,10," £2,202.06 "," £2,270.16 ",Delayed
10367,1/2/2023,1880,Electronics,North,4, £152.67 ,17.00%,Card,9, £506.86 , £610.68 ,Delayed
10368,1/3/2023,1001,Home,East,2, £341.15 ,30.00%,Wallet,2, £477.61 , £682.30 ,On Time
10369,1/4/2023,1896,Clothing,West,2, £574.78 ,19.00%,COD,8, £931.14 ," £1,149.56 ",Delayed
10370,1/5/2023,1303,Beauty,South,7, £529.25 ,2.00%,Card,7," £3,630.66 "," £3,704.75 ",Delayed
10371,1/6/2023,1253,Electronics,North,7, £251.64 ,34.00%,COD,2," £1,162.58 "," £1,761.48 ",On Time
10372,1/7/2023,1651,Electronics,South,1, £185.54 ,29.00%,Wallet,5, £131.73 , £185.54 ,On Time
10373,1/8/2023,1452,Clothing,North,2, £152.13 ,5.00%,Card,7, £289.05 , £304.26 ,Delayed
10374,1/9/2023,1036,Electronics,South,4, £326.52 ,32.00%,Wallet,3, £888.13 ," £1,306.08 ",On Time
10375,1/10/2023,1159,Home,South,1, £81.84 ,16.00%,Card,2, £68.75 , £81.84 ,On Time
10376,1/11/2023,1008,Home,North,5, £336.33 ,13.00%,COD,6," £1,463.04 "," £1,681.65 ",Delayed
10377,1/12/2023,1232,Electronics,North,1, £15.78 ,16.00%,Wallet,10, £13.26 , £15.78 ,Delayed
10378,1/13/2023,1098,Clothing,South,1, £204.45 ,29.00%,Wallet,6, £145.16 , £204.45 ,Delayed
10379,1/14/2023,1658,Clothing,South,5, £143.66 ,23.00%,COD,11, £553.09 , £718.30 ,Delayed
10380,1/15/2023,1815,Clothing,South,6, £583.16 ,2.00%,COD,4," £3,428.98 "," £3,498.96 ",On Time
10381,1/16/2023,1207,Beauty,West,7, £440.44 ,34.00%,Card,1," £2,034.83 "," £3,083.08 ",On Time
10382,1/17/2023,1130,Home,West,4, £219.55 ,5.00%,Card,5, £834.29 , £878.20 ,On Time
10383,1/18/2023,1403,Home,East,6, £69.31 ,26.00%,Card,1, £307.74 , £415.86 ,On Time
10384,1/19/2023,1151,Home,West,6, £317.33 ,22.00%,Card,11," £1,485.10 "," £1,903.98 ",Delayed
10385,1/20/2023,1053,Clothing,West,6, £139.87 ,7.00%,Card,11, £780.47 , £839.22 ,Delayed
10386,1/21/2023,1119,Beauty,North,7, £328.81 ,6.00%,Card,8," £2,163.57 "," £2,301.67 ",Delayed
10387,1/22/2023,1672,Home,East,3, £503.69 ,30.00%,Wallet,2," £1,057.75 "," £1,511.07 ",On Time
10388,1/23/2023,1919,Home,East,7, £375.24 ,15.00%,COD,9," £2,232.68 "," £2,626.68 ",Delayed
10389,1/24/2023,1627,Beauty,West,6, £385.77 ,23.00%,Card,9," £1,782.26 "," £2,314.62 ",Delayed
10390,1/25/2023,1586,Electronics,North,3, £331.50 ,18.00%,Wallet,3, £815.49 , £994.50 ,On Time
10391,1/26/2023,1624,Home,North,5, £557.45 ,25.00%,Card,6," £2,090.44 "," £2,787.25 ",Delayed
10392,1/27/2023,1967,Electronics,East,7, £560.16 ,17.00%,COD,9," £3,254.53 "," £3,921.12 ",Delayed
10393,1/28/2023,1419,Electronics,North,4, £314.94 ,10.00%,COD,7," £1,133.78 "," £1,259.76 ",Delayed
10394,1/29/2023,1421,Electronics,South,6, £193.87 ,13.00%,Card,4," £1,012.00 "," £1,163.22 ",On Time
10395,1/30/2023,1103,Beauty,West,2, £283.86 ,30.00%,COD,3, £397.40 , £567.72 ,On Time
10396,1/31/2023,1851,Beauty,South,5, £124.14 ,16.00%,Card,2, £521.39 , £620.70 ,On Time
10397,2/1/2023,1253,Home,East,3, £387.26 ,7.00%,Card,10," £1,080.46 "," £1,161.78 ",Delayed
10398,2/2/2023,1226,Home,East,7, £307.55 ,33.00%,Card,10," £1,442.41 "," £2,152.85 ",Delayed
10399,2/3/2023,1111,Clothing,North,4, £75.43 ,28.00%,Wallet,1, £217.24 , £301.72 ,On Time
10400,2/4/2023,1509,Beauty,North,1, £130.62 ,2.00%,COD,11, £128.01 , £130.62 ,Delayed
10401,2/5/2023,1472,Clothing,East,4, £295.58 ,35.00%,COD,10, £768.51 ," £1,182.32 ",Delayed
10402,2/6/2023,1098,Clothing,East,4, £534.24 ,24.00%,COD,11," £1,624.09 "," £2,136.96 ",Delayed
10403,2/7/2023,1152,Electronics,South,6, £346.34 ,6.00%,Card,1," £1,953.36 "," £2,078.04 ",On Time
10404,2/8/2023,1860,Home,South,6, £413.70 ,8.00%,COD,4," £2,283.62 "," £2,482.20 ",On Time
10405,2/9/2023,1913,Home,North,7, £213.33 ,24.00%,Card,4," £1,134.92 "," £1,493.31 ",On Time
10406,2/10/2023,1895,Clothing,South,7, £349.28 ,27.00%,Card,9," £1,784.82 "," £2,444.96 ",Delayed
10407,2/11/2023,1877,Electronics,North,3, £276.72 ,8.00%,COD,10, £763.75 , £830.16 ,Delayed
10408,2/12/2023,1337,Home,North,7, £400.59 ,9.00%,Card,1," £2,551.76 "," £2,804.13 ",On Time
10409,2/13/2023,1705,Electronics,West,3, £44.59 ,11.00%,Card,11, £119.06 , £133.77 ,Delayed
10410,2/14/2023,1821,Home,North,6, £303.58 ,21.00%,Wallet,4," £1,438.97 "," £1,821.48 ",On Time
10411,2/15/2023,1162,Beauty,South,6, £188.16 ,6.00%,COD,3," £1,061.22 "," £1,128.96 ",On Time
10412,2/16/2023,1719,Clothing,East,2, £205.82 ,4.00%,COD,9, £395.17 , £411.64 ,Delayed
10413,2/17/2023,1956,Electronics,East,2, £577.14 ,24.00%,Card,5, £877.25 ," £1,154.28 ",On Time
10414,2/18/2023,1680,Home,South,5, £121.88 ,27.00%,Card,9, £444.86 , £609.40 ,Delayed
10415,2/19/2023,1995,Home,East,6, £197.08 ,18.00%,COD,10, £969.63 ," £1,182.48 ",Delayed
10416,2/20/2023,1160,Clothing,North,1, £313.29 ,13.00%,COD,6, £272.56 , £313.29 ,Delayed
10417,2/21/2023,1579,Beauty,East,2, £519.87 ,15.00%,COD,11, £883.78 ," £1,039.74 ",Delayed
10418,2/22/2023,1800,Electronics,South,3, £258.75 ,14.00%,Wallet,9, £667.58 , £776.25 ,Delayed
10419,2/23/2023,1397,Clothing,East,4, £450.16 ,34.00%,Wallet,1," £1,188.42 "," £1,800.64 ",On Time
10420,2/24/2023,1276,Home,North,7, £515.98 ,27.00%,Card,4," £2,636.66 "," £3,611.86 ",On Time
10421,2/25/2023,1815,Beauty,North,7, £196.36 ,7.00%,Wallet,4," £1,278.30 "," £1,374.52 ",On Time
10422,2/26/2023,1915,Electronics,South,5, £244.76 ,13.00%,COD,10," £1,064.71 "," £1,223.80 ",Delayed
10423,2/27/2023,1503,Home,South,2, £223.59 ,19.00%,COD,10, £362.22 , £447.18 ,Delayed
10424,2/28/2023,1895,Clothing,South,4, £502.22 ,21.00%,Card,6," £1,587.02 "," £2,008.88 ",Delayed
10425,3/1/2023,1391,Clothing,West,4, £40.94 ,16.00%,COD,10, £137.56 , £163.76 ,Delayed
10426,3/2/2023,1134,Electronics,West,2, £195.43 ,28.00%,Wallet,1, £281.42 , £390.86 ,On Time
10427,3/3/2023,1194,Beauty,North,1, £412.45 ,27.00%,COD,10, £301.09 , £412.45 ,Delayed
10428,3/4/2023,1400,Electronics,West,1, £345.78 ,18.00%,COD,5, £283.54 , £345.78 ,On Time
10429,3/5/2023,1639,Electronics,West,5, £270.23 ,30.00%,Card,3, £945.81 ," £1,351.15 ",On Time
10430,3/6/2023,1032,Electronics,East,1, £330.87 ,26.00%,Card,1, £244.84 , £330.87 ,On Time
10431,3/7/2023,1687,Beauty,West,5, £130.59 ,27.00%,Card,6, £476.65 , £652.95 ,Delayed
10432,3/8/2023,1459,Home,East,3, £266.97 ,33.00%,Card,3, £536.61 , £800.91 ,On Time
10433,3/9/2023,1954,Home,South,2, £308.50 ,9.00%,COD,4, £561.47 , £617.00 ,On Time
10434,3/10/2023,1882,Electronics,East,4, £542.20 ,9.00%,Card,9," £1,973.61 "," £2,168.80 ",Delayed
10435,3/11/2023,1469,Clothing,East,5, £167.59 ,31.00%,COD,2, £578.19 , £837.95 ,On Time
10436,3/12/2023,1374,Clothing,South,7, £522.68 ,27.00%,Card,1," £2,670.89 "," £3,658.76 ",On Time
10437,3/13/2023,1021,Home,South,1, £391.88 ,32.00%,Card,10, £266.48 , £391.88 ,Delayed
10438,3/14/2023,1749,Beauty,North,7, £26.90 ,2.00%,Card,6, £184.53 , £188.30 ,Delayed
10439,3/15/2023,1669,Electronics,North,5, £438.91 ,22.00%,Wallet,1," £1,711.75 "," £2,194.55 ",On Time
10440,3/16/2023,1037,Home,North,6, £35.80 ,5.00%,Card,1, £204.06 , £214.80 ,On Time
10441,3/17/2023,1229,Electronics,North,5, £598.47 ,18.00%,Card,7," £2,453.73 "," £2,992.35 ",Delayed
10442,3/18/2023,1364,Clothing,East,1, £525.49 ,5.00%,Wallet,2, £499.22 , £525.49 ,On Time
10443,3/19/2023,1562,Electronics,East,6, £188.95 ,4.00%,Wallet,4," £1,088.35 "," £1,133.70 ",On Time
10444,3/20/2023,1437,Electronics,North,6, £165.59 ,0.00%,COD,4, £993.54 , £993.54 ,On Time
10445,3/21/2023,1775,Clothing,West,1, £238.14 ,22.00%,Card,2, £185.75 , £238.14 ,On Time
10446,3/22/2023,1282,Clothing,North,6, £223.36 ,13.00%,Card,6," £1,165.94 "," £1,340.16 ",Delayed
10447,3/23/2023,1026,Electronics,West,2, £232.82 ,4.00%,Wallet,10, £447.01 , £465.64 ,Delayed
10448,3/24/2023,1225,Home,South,4, £201.19 ,11.00%,Wallet,2, £716.24 , £804.76 ,On Time
10449,3/25/2023,1276,Clothing,East,7, £378.36 ,6.00%,COD,8," £2,489.61 "," £2,648.52 ",Delayed
10450,3/26/2023,1797,Electronics,East,2, £111.09 ,33.00%,Card,4, £148.86 , £222.18 ,On Time
10451,3/27/2023,1608,Home,West,2, £509.90 ,11.00%,Card,1, £907.62 ," £1,019.80 ",On Time
10452,3/28/2023,1283,Electronics,North,1, £490.26 ,12.00%,Card,7, £431.43 , £490.26 ,Delayed
10453,3/29/2023,1878,Clothing,East,1, £293.74 ,29.00%,COD,6, £208.56 , £293.74 ,Delayed
10454,3/30/2023,1959,Home,West,7, £513.85 ,23.00%,Card,6," £2,769.65 "," £3,596.95 ",Delayed
10455,3/31/2023,1480,Electronics,South,4, £159.58 ,25.00%,Wallet,11, £478.74 , £638.32 ,Delayed
10456,4/1/2023,1452,Electronics,South,5, £25.28 ,22.00%,Card,3, £98.59 , £126.40 ,On Time
10457,4/2/2023,1828,Clothing,East,2, £377.24 ,33.00%,COD,10, £505.50 , £754.48 ,Delayed
10458,4/3/2023,1815,Beauty,North,6, £282.88 ,7.00%,Card,7," £1,578.47 "," £1,697.28 ",Delayed
10459,4/4/2023,1658,Clothing,West,4, £346.79 ,35.00%,COD,6, £901.65 ," £1,387.16 ",Delayed
10460,4/5/2023,1515,Home,East,2, £541.11 ,29.00%,Card,10, £768.38 ," £1,082.22 ",Delayed
10461,4/6/2023,1546,Clothing,South,5, £582.41 ,21.00%,COD,10," £2,300.52 "," £2,912.05 ",Delayed
10462,4/7/2023,1191,Electronics,North,6, £386.16 ,23.00%,COD,9," £1,784.06 "," £2,316.96 ",Delayed
10463,4/8/2023,1048,Clothing,West,2, £461.97 ,23.00%,Card,3, £711.43 , £923.94 ,On Time
10464,4/9/2023,1511,Home,East,3, £64.03 ,2.00%,Wallet,3, £188.25 , £192.09 ,On Time
10465,4/10/2023,1016,Electronics,West,7, £109.02 ,8.00%,COD,4, £702.09 , £763.14 ,On Time
10466,4/11/2023,1171,Electronics,North,4, £443.92 ,34.00%,Wallet,3," £1,171.95 "," £1,775.68 ",On Time
10467,4/12/2023,1219,Electronics,North,7, £267.35 ,19.00%,Wallet,4," £1,515.87 "," £1,871.45 ",On Time
10468,4/13/2023,1157,Clothing,South,1, £275.89 ,13.00%,Wallet,6, £240.02 , £275.89 ,Delayed
10469,4/14/2023,1476,Beauty,North,2, £195.54 ,27.00%,Card,1, £285.49 , £391.08 ,On Time
10470,4/15/2023,1045,Electronics,East,6, £370.30 ,18.00%,Card,2," £1,821.88 "," £2,221.80 ",On Time
10471,4/16/2023,1372,Clothing,West,6, £123.32 ,0.00%,Wallet,10, £739.92 , £739.92 ,Delayed
10472,4/17/2023,1517,Electronics,North,4, £381.75 ,26.00%,COD,6," £1,129.98 "," £1,527.00 ",Delayed
10473,4/18/2023,1098,Beauty,North,4, £116.67 ,26.00%,Card,6, £345.34 , £466.68 ,Delayed
10474,4/19/2023,1891,Electronics,East,7, £52.34 ,6.00%,COD,1, £344.40 , £366.38 ,On Time
10475,4/20/2023,1744,Clothing,West,6, £208.26 ,33.00%,Card,6, £837.21 ," £1,249.56 ",Delayed
10476,4/21/2023,1036,Home,West,6, £150.22 ,8.00%,COD,11, £829.21 , £901.32 ,Delayed
10477,4/22/2023,1279,Home,South,6, £535.06 ,16.00%,Wallet,9," £2,696.70 "," £3,210.36 ",Delayed
10478,4/23/2023,1348,Clothing,South,2, £47.15 ,4.00%,COD,8, £90.53 , £94.30 ,Delayed
10479,4/24/2023,1496,Electronics,West,6, £118.32 ,21.00%,Card,10, £560.84 , £709.92 ,Delayed
10480,4/25/2023,1301,Clothing,East,1, £336.00 ,13.00%,Card,5, £292.32 , £336.00 ,On Time
10481,4/26/2023,1180,Electronics,East,6, £296.42 ,12.00%,Card,4," £1,565.10 "," £1,778.52 ",On Time
10482,4/27/2023,1606,Electronics,South,1, £41.82 ,29.00%,COD,6, £29.69 , £41.82 ,Delayed
10483,4/28/2023,1098,Clothing,North,2, £19.24 ,0.00%,Card,11, £38.48 , £38.48 ,Delayed
10484,4/29/2023,1699,Electronics,East,4, £593.02 ,28.00%,COD,5," £1,707.90 "," £2,372.08 ",On Time
10485,4/30/2023,1992,Electronics,North,1, £400.42 ,20.00%,COD,6, £320.34 , £400.42 ,Delayed
10486,5/1/2023,1115,Home,East,2, £228.76 ,35.00%,COD,10, £297.39 , £457.52 ,Delayed
10487,5/2/2023,1190,Beauty,West,6, £290.20 ,21.00%,Wallet,11," £1,375.55 "," £1,741.20 ",Delayed
10488,5/3/2023,1252,Clothing,South,2, £170.93 ,2.00%,COD,3, £335.02 , £341.86 ,On Time
10489,5/4/2023,1980,Electronics,North,6, £216.75 ,2.00%,Card,7," £1,274.49 "," £1,300.50 ",Delayed
10490,5/5/2023,1927,Electronics,North,7, £394.69 ,31.00%,COD,8," £1,906.35 "," £2,762.83 ",Delayed
10491,5/6/2023,1982,Beauty,West,2, £531.44 ,29.00%,COD,5, £754.64 ," £1,062.88 ",On Time
10492,5/7/2023,1160,Electronics,East,4, £122.72 ,12.00%,Card,5, £431.97 , £490.88 ,On Time
10493,5/8/2023,1255,Electronics,North,1, £506.61 ,22.00%,COD,4, £395.16 , £506.61 ,On Time
10494,5/9/2023,1322,Clothing,East,7, £86.11 ,17.00%,Card,10, £500.30 , £602.77 ,Delayed
10495,5/10/2023,1127,Clothing,West,4, £140.77 ,34.00%,Card,5, £371.63 , £563.08 ,On Time
10496,5/11/2023,1017,Clothing,South,3, £36.75 ,33.00%,Wallet,10, £73.87 , £110.25 ,Delayed
10497,5/12/2023,1792,Electronics,North,6, £97.37 ,34.00%,Wallet,11, £385.59 , £584.22 ,Delayed
10498,5/13/2023,1734,Electronics,East,1, £551.62 ,30.00%,COD,8, £386.13 , £551.62 ,Delayed
10499,5/14/2023,1565,Beauty,North,4, £283.77 ,32.00%,COD,5, £771.85 ," £1,135.08 ",On Time
10500,5/15/2023,1569,Electronics,East,1, £60.43 ,8.00%,Wallet,9, £55.60 , £60.43 ,Delayed
10501,5/16/2023,1322,Home,East,3, £576.44 ,29.00%,Wallet,1," £1,227.82 "," £1,729.32 ",On Time
10502,5/17/2023,1871,Home,East,5, £529.21 ,25.00%,COD,7," £1,984.54 "," £2,646.05 ",Delayed
10503,5/18/2023,1685,Clothing,West,6, £456.49 ,34.00%,COD,5," £1,807.70 "," £2,738.94 ",On Time
10504,5/19/2023,1791,Electronics,South,6, £561.08 ,20.00%,Card,4," £2,693.18 "," £3,366.48 ",On Time
10505,5/20/2023,1625,Electronics,North,2, £143.78 ,3.00%,Card,3, £278.93 , £287.56 ,On Time
10506,5/21/2023,1287,Clothing,South,6, £504.28 ,21.00%,Card,10," £2,390.29 "," £3,025.68 ",Delayed
10507,5/22/2023,1942,Beauty,East,6, £418.64 ,24.00%,COD,7," £1,909.00 "," £2,511.84 ",Delayed
10508,5/23/2023,1853,Beauty,East,4, £523.81 ,8.00%,Wallet,2," £1,927.62 "," £2,095.24 ",On Time
10509,5/24/2023,1662,Electronics,South,7, £481.19 ,14.00%,Wallet,5," £2,896.76 "," £3,368.33 ",On Time
10510,5/25/2023,1961,Electronics,South,6, £217.70 ,21.00%,Card,2," £1,031.90 "," £1,306.20 ",On Time
10511,5/26/2023,1638,Beauty,North,6, £468.02 ,13.00%,COD,7," £2,443.06 "," £2,808.12 ",Delayed
10512,5/27/2023,1154,Home,East,3, £168.54 ,13.00%,Card,6, £439.89 , £505.62 ,Delayed
10513,5/28/2023,1489,Beauty,South,7, £207.23 ,5.00%,Card,10," £1,378.08 "," £1,450.61 ",Delayed
10514,5/29/2023,1385,Electronics,West,3, £78.12 ,33.00%,Wallet,7, £157.02 , £234.36 ,Delayed
10515,5/30/2023,1985,Clothing,East,1, £562.02 ,26.00%,COD,9, £415.89 , £562.02 ,Delayed
10516,5/31/2023,1784,Home,East,1, £185.24 ,0.00%,COD,2, £185.24 , £185.24 ,On Time
10517,6/1/2023,1103,Home,North,6, £319.56 ,27.00%,Card,9," £1,399.67 "," £1,917.36 ",Delayed
10518,6/2/2023,1928,Clothing,West,6, £243.93 ,26.00%,Card,7," £1,083.05 "," £1,463.58 ",Delayed
10519,6/3/2023,1392,Electronics,North,2, £576.56 ,0.00%,COD,2," £1,153.12 "," £1,153.12 ",On Time
10520,6/4/2023,1810,Clothing,West,1, £211.00 ,13.00%,Card,10, £183.57 , £211.00 ,Delayed
10521,6/5/2023,1245,Electronics,North,4, £470.45 ,21.00%,Card,2," £1,486.62 "," £1,881.80 ",On Time
10522,6/6/2023,1175,Clothing,West,6, £515.42 ,16.00%,Card,4," £2,597.72 "," £3,092.52 ",On Time
10523,6/7/2023,1038,Beauty,West,4, £269.83 ,27.00%,COD,2, £787.90 ," £1,079.32 ",On Time
10524,6/8/2023,1476,Clothing,West,6, £236.23 ,15.00%,Wallet,1," £1,204.77 "," £1,417.38 ",On Time
10525,6/9/2023,1681,Home,South,4, £452.43 ,5.00%,Wallet,6," £1,719.23 "," £1,809.72 ",Delayed
10526,6/10/2023,1758,Electronics,East,5, £549.04 ,34.00%,Wallet,10," £1,811.83 "," £2,745.20 ",Delayed
10527,6/11/2023,1537,Home,West,4, £456.64 ,8.00%,Wallet,11," £1,680.44 "," £1,826.56 ",Delayed
10528,6/12/2023,1866,Beauty,South,7, £147.87 ,25.00%,Wallet,5, £776.32 ," £1,035.09 ",On Time
10529,6/13/2023,1817,Electronics,South,1, £534.66 ,5.00%,COD,3, £507.93 , £534.66 ,On Time
10530,6/14/2023,1920,Electronics,North,6, £241.74 ,12.00%,COD,11," £1,276.39 "," £1,450.44 ",Delayed
10531,6/15/2023,1407,Clothing,East,1, £352.09 ,15.00%,Card,1, £299.28 , £352.09 ,On Time
10532,6/16/2023,1524,Electronics,East,7, £501.39 ,7.00%,Wallet,9," £3,264.05 "," £3,509.73 ",Delayed
10533,6/17/2023,1827,Home,North,7, £125.21 ,16.00%,Card,8, £736.23 , £876.47 ,Delayed
10534,6/18/2023,1505,Beauty,East,4, £473.94 ,6.00%,Card,6," £1,782.01 "," £1,895.76 ",Delayed
10535,6/19/2023,1902,Clothing,North,3, £363.76 ,20.00%,Wallet,6, £873.02 ," £1,091.28 ",Delayed
10536,6/20/2023,1824,Electronics,South,3, £537.60 ,23.00%,Card,4," £1,241.86 "," £1,612.80 ",On Time
10537,6/21/2023,1035,Clothing,South,7, £115.60 ,2.00%,Wallet,2, £793.02 , £809.20 ,On Time
10538,6/22/2023,1684,Home,West,3, £261.10 ,30.00%,COD,4, £548.31 , £783.30 ,On Time
10539,6/23/2023,1019,Electronics,North,6, £502.21 ,6.00%,Card,2," £2,832.46 "," £3,013.26 ",On Time
10540,6/24/2023,1320,Clothing,South,2, £26.25 ,8.00%,COD,7, £48.30 , £52.50 ,Delayed
10541,6/25/2023,1775,Clothing,South,5, £80.64 ,23.00%,Wallet,9, £310.46 , £403.20 ,Delayed
10542,6/26/2023,1511,Clothing,North,4, £594.48 ,16.00%,Card,2," £1,997.45 "," £2,377.92 ",On Time
10543,6/27/2023,1399,Electronics,South,2, £179.03 ,17.00%,COD,9, £297.19 , £358.06 ,Delayed
10544,6/28/2023,1653,Home,East,3, £585.69 ,4.00%,Wallet,9," £1,686.79 "," £1,757.07 ",Delayed
10545,6/29/2023,1971,Electronics,South,4, £121.78 ,28.00%,Card,8, £350.73 , £487.12 ,Delayed
10546,6/30/2023,1882,Electronics,North,2, £226.24 ,22.00%,Card,1, £352.93 , £452.48 ,On Time
10547,7/1/2023,1470,Beauty,East,1, £455.43 ,5.00%,Card,5, £432.66 , £455.43 ,On Time
10548,7/2/2023,1142,Home,East,3, £399.80 ,13.00%,Card,10," £1,043.48 "," £1,199.40 ",Delayed
10549,7/3/2023,1091,Electronics,South,2, £354.96 ,28.00%,Card,11, £511.14 , £709.92 ,Delayed
10550,7/4/2023,1353,Electronics,West,6, £324.99 ,20.00%,COD,4," £1,559.95 "," £1,949.94 ",On Time
10551,7/5/2023,1833,Electronics,East,1, £508.41 ,4.00%,Card,7, £488.07 , £508.41 ,Delayed
10552,7/6/2023,1799,Electronics,North,3, £152.44 ,13.00%,Wallet,11, £397.87 , £457.32 ,Delayed
10553,7/7/2023,1726,Electronics,West,5, £273.85 ,8.00%,Card,8," £1,259.71 "," £1,369.25 ",Delayed
10554,7/8/2023,1958,Electronics,West,7, £105.94 ,18.00%,COD,10, £608.10 , £741.58 ,Delayed
10555,7/9/2023,1853,Clothing,East,3, £363.63 ,30.00%,COD,11, £763.62 ," £1,090.89 ",Delayed
10556,7/10/2023,1050,Home,South,6, £161.57 ,15.00%,Wallet,8, £824.01 , £969.42 ,Delayed
10557,7/11/2023,1664,Clothing,West,5, £210.30 ,15.00%,COD,2, £893.78 ," £1,051.50 ",On Time
10558,7/12/2023,1697,Home,South,5, £290.68 ,32.00%,Card,3, £988.31 ," £1,453.40 ",On Time
10559,7/13/2023,1574,Electronics,East,5, £30.66 ,20.00%,Wallet,10, £122.64 , £153.30 ,Delayed
10560,7/14/2023,1189,Beauty,North,4, £68.78 ,20.00%,Card,10, £220.10 , £275.12 ,Delayed
10561,7/15/2023,1124,Home,West,4, £416.27 ,9.00%,Card,7," £1,515.22 "," £1,665.08 ",Delayed
10562,7/16/2023,1149,Home,North,7, £265.95 ,21.00%,Card,4," £1,470.70 "," £1,861.65 ",On Time
10563,7/17/2023,1313,Home,South,5, £520.90 ,20.00%,COD,6," £2,083.60 "," £2,604.50 ",Delayed
10564,7/18/2023,1569,Beauty,South,7, £421.38 ,14.00%,Card,8," £2,536.71 "," £2,949.66 ",Delayed
10565,7/19/2023,1341,Clothing,North,1, £19.74 ,35.00%,COD,8, £12.83 , £19.74 ,Delayed
10566,7/20/2023,1304,Electronics,East,5, £375.78 ,31.00%,COD,7," £1,296.44 "," £1,878.90 ",Delayed
10567,7/21/2023,1691,Clothing,East,2, £69.83 ,26.00%,Wallet,2, £103.35 , £139.66 ,On Time
10568,7/22/2023,1681,Home,West,5, £471.85 ,19.00%,Card,2," £1,910.99 "," £2,359.25 ",On Time
10569,7/23/2023,1837,Home,West,4, £595.03 ,16.00%,Card,3," £1,999.30 "," £2,380.12 ",On Time
10570,7/24/2023,1782,Clothing,East,4, £325.75 ,6.00%,Card,4," £1,224.82 "," £1,303.00 ",On Time
10571,7/25/2023,1053,Electronics,East,2, £414.43 ,11.00%,Card,1, £737.69 , £828.86 ,On Time
10572,7/26/2023,1443,Clothing,North,2, £153.83 ,27.00%,COD,5, £224.59 , £307.66 ,On Time
10573,7/27/2023,1612,Beauty,South,3, £270.99 ,16.00%,COD,7, £682.89 , £812.97 ,Delayed
10574,7/28/2023,1992,Clothing,South,1, £515.82 ,31.00%,COD,10, £355.92 , £515.82 ,Delayed
10575,7/29/2023,1263,Clothing,West,1, £112.94 ,5.00%,Wallet,11, £107.29 , £112.94 ,Delayed
10576,7/30/2023,1052,Electronics,East,1, £170.34 ,18.00%,Wallet,5, £139.68 , £170.34 ,On Time
10577,7/31/2023,1571,Clothing,North,6, £275.58 ,23.00%,Card,7," £1,273.18 "," £1,653.48 ",Delayed
10578,8/1/2023,1619,Beauty,West,4, £431.67 ,18.00%,Wallet,5," £1,415.88 "," £1,726.68 ",On Time
10579,8/2/2023,1004,Home,North,1, £234.89 ,31.00%,Card,11, £162.07 , £234.89 ,Delayed
10580,8/3/2023,1102,Home,East,3, £557.72 ,35.00%,COD,10," £1,087.55 "," £1,673.16 ",Delayed
10581,8/4/2023,1195,Clothing,East,3, £70.26 ,4.00%,COD,8, £202.35 , £210.78 ,Delayed
10582,8/5/2023,1773,Clothing,East,1, £231.92 ,5.00%,Wallet,7, £220.32 , £231.92 ,Delayed
10583,8/6/2023,1876,Electronics,South,2, £429.74 ,5.00%,COD,1, £816.51 , £859.48 ,On Time
10584,8/7/2023,1991,Home,East,3, £147.20 ,24.00%,COD,11, £335.62 , £441.60 ,Delayed
10585,8/8/2023,1883,Clothing,West,7, £399.00 ,13.00%,Wallet,1," £2,429.91 "," £2,793.00 ",On Time
10586,8/9/2023,1349,Clothing,South,2, £111.07 ,26.00%,COD,5, £164.38 , £222.14 ,On Time
10587,8/10/2023,1046,Clothing,North,7, £47.75 ,14.00%,COD,2, £287.46 , £334.25 ,On Time
10588,8/11/2023,1866,Beauty,West,4, £85.79 ,22.00%,Card,9, £267.66 , £343.16 ,Delayed
10589,8/12/2023,1822,Electronics,West,6, £559.04 ,27.00%,Card,2," £2,448.60 "," £3,354.24 ",On Time
10590,8/13/2023,1935,Home,North,3, £337.77 ,19.00%,Wallet,9, £820.78 ," £1,013.31 ",Delayed
10591,8/14/2023,1819,Electronics,South,2, £480.86 ,19.00%,COD,10, £778.99 , £961.72 ,Delayed
10592,8/15/2023,1655,Clothing,West,7, £209.60 ,3.00%,COD,2," £1,423.18 "," £1,467.20 ",On Time
10593,8/16/2023,1268,Electronics,West,1, £361.71 ,14.00%,Card,4, £311.07 , £361.71 ,On Time
10594,8/17/2023,1369,Electronics,West,7, £304.55 ,19.00%,Card,3," £1,726.80 "," £2,131.85 ",On Time
10595,8/18/2023,1635,Clothing,South,7, £568.26 ,16.00%,Card,6," £3,341.37 "," £3,977.82 ",Delayed
10596,8/19/2023,1105,Electronics,South,4, £452.33 ,32.00%,COD,4," £1,230.34 "," £1,809.32 ",On Time
10597,8/20/2023,1669,Clothing,South,5, £442.37 ,32.00%,Card,9," £1,504.06 "," £2,211.85 ",Delayed
10598,8/21/2023,1658,Beauty,West,5, £42.12 ,29.00%,Card,9, £149.53 , £210.60 ,Delayed
10599,8/22/2023,1656,Electronics,East,1, £336.56 ,13.00%,COD,10, £292.81 , £336.56 ,Delayed
10600,8/23/2023,1119,Home,North,4, £288.19 ,25.00%,COD,9, £864.57 ," £1,152.76 ",Delayed
10601,8/24/2023,1830,Clothing,East,4, £557.79 ,14.00%,Card,3," £1,918.80 "," £2,231.16 ",On Time
10602,8/25/2023,1786,Home,South,4, £165.55 ,8.00%,COD,3, £609.22 , £662.20 ,On Time
10603,8/26/2023,1603,Electronics,West,4, £172.85 ,12.00%,Wallet,4, £608.43 , £691.40 ,On Time
10604,8/27/2023,1057,Electronics,West,5, £255.64 ,2.00%,COD,9," £1,252.64 "," £1,278.20 ",Delayed
10605,8/28/2023,1950,Electronics,East,2, £157.37 ,12.00%,Wallet,6, £276.97 , £314.74 ,Delayed
10606,8/29/2023,1345,Electronics,East,4, £90.57 ,16.00%,Wallet,9, £304.32 , £362.28 ,Delayed
10607,8/30/2023,1740,Electronics,North,2, £516.59 ,33.00%,Card,8, £692.23 ," £1,033.18 ",Delayed
10608,8/31/2023,1473,Home,West,7, £341.59 ,11.00%,Card,7," £2,128.11 "," £2,391.13 ",Delayed
10609,9/1/2023,1116,Beauty,East,7, £518.90 ,32.00%,COD,5," £2,469.96 "," £3,632.30 ",On Time
10610,9/2/2023,1829,Home,North,4, £501.21 ,8.00%,COD,9," £1,844.45 "," £2,004.84 ",Delayed
10611,9/3/2023,1790,Home,South,3, £179.99 ,7.00%,Card,4, £502.17 , £539.97 ,On Time
10612,9/4/2023,1126,Electronics,East,6, £335.43 ,18.00%,Card,4," £1,650.32 "," £2,012.58 ",On Time
10613,9/5/2023,1392,Electronics,South,3, £63.68 ,24.00%,COD,8, £145.19 , £191.04 ,Delayed
10614,9/6/2023,1907,Electronics,North,7, £550.42 ,2.00%,Card,4," £3,775.88 "," £3,852.94 ",On Time
10615,9/7/2023,1640,Electronics,South,6, £251.49 ,8.00%,Wallet,7," £1,388.22 "," £1,508.94 ",Delayed
10616,9/8/2023,1057,Clothing,West,3, £245.30 ,16.00%,Card,4, £618.16 , £735.90 ,On Time
10617,9/9/2023,1633,Clothing,West,4, £192.11 ,12.00%,Wallet,11, £676.23 , £768.44 ,Delayed
10618,9/10/2023,1512,Clothing,South,2, £284.49 ,25.00%,Card,1, £426.74 , £568.98 ,On Time
10619,9/11/2023,1750,Clothing,West,6, £162.28 ,18.00%,Card,10, £798.42 , £973.68 ,Delayed
10620,9/12/2023,1801,Home,North,5, £234.29 ,6.00%,Card,9," £1,101.16 "," £1,171.45 ",Delayed
10621,9/13/2023,1095,Home,West,1, £482.97 ,31.00%,Wallet,4, £333.25 , £482.97 ,On Time
10622,9/14/2023,1637,Electronics,South,6, £503.04 ,10.00%,Card,3," £2,716.42 "," £3,018.24 ",On Time
10623,9/15/2023,1117,Beauty,South,6, £192.95 ,26.00%,COD,3, £856.70 ," £1,157.70 ",On Time
10624,9/16/2023,1559,Beauty,South,5, £289.37 ,27.00%,Wallet,9," £1,056.20 "," £1,446.85 ",Delayed
10625,9/17/2023,1600,Electronics,East,4, £526.18 ,34.00%,COD,8," £1,389.12 "," £2,104.72 ",Delayed
10626,9/18/2023,1487,Clothing,South,3, £45.81 ,17.00%,Card,10, £114.07 , £137.43 ,Delayed
10627,9/19/2023,1236,Clothing,North,3, £535.15 ,22.00%,Wallet,7," £1,252.25 "," £1,605.45 ",Delayed
10628,9/20/2023,1884,Beauty,West,7, £143.22 ,12.00%,Wallet,7, £882.24 ," £1,002.54 ",Delayed
10629,9/21/2023,1896,Beauty,West,2, £411.95 ,24.00%,Card,4, £626.16 , £823.90 ,On Time
10630,9/22/2023,1271,Electronics,East,4, £355.79 ,16.00%,COD,3," £1,195.45 "," £1,423.16 ",On Time
10631,9/23/2023,1188,Clothing,East,5, £338.47 ,15.00%,Wallet,4," £1,438.50 "," £1,692.35 ",On Time
10632,9/24/2023,1998,Clothing,North,4, £517.73 ,30.00%,Wallet,6," £1,449.64 "," £2,070.92 ",Delayed
10633,9/25/2023,1703,Clothing,South,4, £74.42 ,2.00%,Card,4, £291.73 , £297.68 ,On Time
10634,9/26/2023,1446,Electronics,East,3, £218.01 ,31.00%,Wallet,4, £451.28 , £654.03 ,On Time
10635,9/27/2023,1580,Beauty,West,5, £329.88 ,30.00%,Card,2," £1,154.58 "," £1,649.40 ",On Time
10636,9/28/2023,1789,Home,East,1, £489.60 ,18.00%,Card,7, £401.47 , £489.60 ,Delayed
10637,9/29/2023,1860,Home,East,6, £141.62 ,17.00%,Card,6, £705.27 , £849.72 ,Delayed
10638,9/30/2023,1246,Beauty,South,3, £484.71 ,13.00%,Card,2," £1,265.09 "," £1,454.13 ",On Time
10639,10/1/2023,1962,Home,East,5, £248.79 ,35.00%,COD,5, £808.57 ," £1,243.95 ",On Time
10640,10/2/2023,1075,Clothing,North,2, £125.51 ,4.00%,COD,6, £240.98 , £251.02 ,Delayed
10641,10/3/2023,1153,Clothing,West,6, £459.01 ,21.00%,Card,5," £2,175.71 "," £2,754.06 ",On Time
10642,10/4/2023,1655,Electronics,South,6, £68.18 ,24.00%,Card,4, £310.90 , £409.08 ,On Time
10643,10/5/2023,1434,Home,West,3, £316.14 ,33.00%,Card,11, £635.44 , £948.42 ,Delayed
10644,10/6/2023,1996,Electronics,North,7, £52.37 ,27.00%,Wallet,11, £267.61 , £366.59 ,Delayed
10645,10/7/2023,1085,Home,North,2, £223.50 ,23.00%,Wallet,9, £344.19 , £447.00 ,Delayed
10646,10/8/2023,1696,Electronics,East,3, £366.63 ,4.00%,Card,3," £1,055.89 "," £1,099.89 ",On Time
10647,10/9/2023,1284,Electronics,East,4, £340.33 ,13.00%,Wallet,11," £1,184.35 "," £1,361.32 ",Delayed
10648,10/10/2023,1973,Electronics,East,7, £251.72 ,5.00%,Card,2," £1,673.94 "," £1,762.04 ",On Time
10649,10/11/2023,1219,Electronics,West,5, £265.99 ,31.00%,COD,9, £917.67 ," £1,329.95 ",Delayed
10650,10/12/2023,1068,Home,North,2, £147.66 ,26.00%,Wallet,8, £218.54 , £295.32 ,Delayed
10651,10/13/2023,1046,Home,South,6, £281.69 ,27.00%,Card,9," £1,233.80 "," £1,690.14 ",Delayed
10652,10/14/2023,1093,Clothing,East,3, £572.65 ,23.00%,COD,10," £1,322.82 "," £1,717.95 ",Delayed
10653,10/15/2023,1749,Electronics,West,6, £512.51 ,18.00%,Card,11," £2,521.55 "," £3,075.06 ",Delayed
10654,10/16/2023,1957,Electronics,East,2, £99.96 ,5.00%,Card,3, £189.92 , £199.92 ,On Time
10655,10/17/2023,1452,Electronics,North,6, £32.42 ,12.00%,COD,1, £171.18 , £194.52 ,On Time
10656,10/18/2023,1203,Electronics,South,3, £561.11 ,5.00%,Wallet,11," £1,599.16 "," £1,683.33 ",Delayed
10657,10/19/2023,1911,Beauty,North,7, £323.15 ,25.00%,COD,1," £1,696.54 "," £2,262.05 ",On Time
10658,10/20/2023,1217,Electronics,West,3, £329.64 ,6.00%,Wallet,3, £929.58 , £988.92 ,On Time
10659,10/21/2023,1473,Clothing,East,1, £471.72 ,25.00%,Wallet,4, £353.79 , £471.72 ,On Time
10660,10/22/2023,1431,Electronics,North,6, £199.09 ,24.00%,Card,2, £907.85 ," £1,194.54 ",On Time
10661,10/23/2023,1340,Electronics,West,1, £296.92 ,16.00%,Card,8, £249.41 , £296.92 ,Delayed
10662,10/24/2023,1550,Clothing,East,7, £581.67 ,5.00%,COD,3," £3,868.11 "," £4,071.69 ",On Time
10663,10/25/2023,1611,Clothing,South,1, £408.21 ,11.00%,COD,4, £363.31 , £408.21 ,On Time
10664,10/26/2023,1288,Electronics,North,6, £104.94 ,11.00%,Card,6, £560.38 , £629.64 ,Delayed
10665,10/27/2023,1253,Electronics,East,2, £92.94 ,25.00%,Wallet,10, £139.41 , £185.88 ,Delayed
10666,10/28/2023,1733,Clothing,East,4, £134.49 ,4.00%,COD,6, £516.44 , £537.96 ,Delayed
10667,10/29/2023,1356,Electronics,East,7, £463.53 ,29.00%,Card,2," £2,303.74 "," £3,244.71 ",On Time
10668,10/30/2023,1022,Electronics,East,3, £187.80 ,27.00%,COD,6, £411.28 , £563.40 ,Delayed
10669,10/31/2023,1761,Beauty,North,5, £27.51 ,7.00%,Card,4, £127.92 , £137.55 ,On Time
10670,11/1/2023,1521,Clothing,East,7, £567.34 ,25.00%,COD,5," £2,978.54 "," £3,971.38 ",On Time
10671,11/2/2023,1757,Clothing,West,1, £114.28 ,23.00%,Wallet,7, £88.00 , £114.28 ,Delayed
10672,11/3/2023,1836,Clothing,North,2, £20.59 ,26.00%,Wallet,7, £30.47 , £41.18 ,Delayed
10673,11/4/2023,1099,Clothing,East,6, £153.72 ,7.00%,Card,6, £857.76 , £922.32 ,Delayed
10674,11/5/2023,1801,Clothing,North,2, £152.49 ,6.00%,COD,10, £286.68 , £304.98 ,Delayed
10675,11/6/2023,1179,Home,West,2, £261.87 ,8.00%,COD,6, £481.84 , £523.74 ,Delayed
10676,11/7/2023,1222,Home,West,6, £553.43 ,13.00%,Card,6," £2,888.90 "," £3,320.58 ",Delayed
10677,11/8/2023,1905,Electronics,North,5, £529.32 ,28.00%,Card,4," £1,905.55 "," £2,646.60 ",On Time
10678,11/9/2023,1761,Clothing,East,6, £282.28 ,26.00%,COD,3," £1,253.32 "," £1,693.68 ",On Time
10679,11/10/2023,1658,Clothing,East,5, £255.38 ,32.00%,COD,1, £868.29 ," £1,276.90 ",On Time
10680,11/11/2023,1441,Beauty,West,6, £339.68 ,2.00%,Card,3," £1,997.32 "," £2,038.08 ",On Time
10681,11/12/2023,1607,Clothing,East,1, £157.42 ,0.00%,Card,3, £157.42 , £157.42 ,On Time
10682,11/13/2023,1768,Clothing,West,5, £45.53 ,24.00%,Card,9, £173.01 , £227.65 ,Delayed
10683,11/14/2023,1324,Electronics,East,1, £564.45 ,10.00%,Card,3, £508.01 , £564.45 ,On Time
10684,11/15/2023,1515,Clothing,West,7, £124.22 ,12.00%,COD,8, £765.20 , £869.54 ,Delayed
10685,11/16/2023,1015,Electronics,South,5, £131.06 ,19.00%,Card,8, £530.79 , £655.30 ,Delayed
10686,11/17/2023,1791,Electronics,East,5, £291.39 ,4.00%,Card,3," £1,398.67 "," £1,456.95 ",On Time
10687,11/18/2023,1335,Electronics,East,6, £302.59 ,22.00%,Wallet,10," £1,416.12 "," £1,815.54 ",Delayed
10688,11/19/2023,1758,Home,East,5, £25.78 ,11.00%,Card,10, £114.72 , £128.90 ,Delayed
10689,11/20/2023,1257,Electronics,North,1, £101.55 ,22.00%,COD,6, £79.21 , £101.55 ,Delayed
10690,11/21/2023,1496,Clothing,East,7, £236.22 ,29.00%,Wallet,8," £1,174.01 "," £1,653.54 ",Delayed
10691,11/22/2023,1987,Beauty,North,6, £414.98 ,6.00%,COD,8," £2,340.49 "," £2,489.88 ",Delayed
10692,11/23/2023,1895,Electronics,North,3, £148.62 ,33.00%,COD,10, £298.73 , £445.86 ,Delayed
10693,11/24/2023,1159,Clothing,West,7, £262.46 ,19.00%,Card,10," £1,488.15 "," £1,837.22 ",Delayed
10694,11/25/2023,1474,Clothing,North,7, £341.05 ,32.00%,Card,9," £1,623.40 "," £2,387.35 ",Delayed
10695,11/26/2023,1851,Electronics,North,1, £534.83 ,7.00%,COD,9, £497.39 , £534.83 ,Delayed
10696,11/27/2023,1663,Home,South,7, £205.75 ,21.00%,COD,8," £1,137.80 "," £1,440.25 ",Delayed
10697,11/28/2023,1907,Electronics,East,3, £93.13 ,14.00%,Card,7, £240.28 , £279.39 ,Delayed
10698,11/29/2023,1689,Clothing,North,2, £301.22 ,27.00%,COD,10, £439.78 , £602.44 ,Delayed
10699,11/30/2023,1674,Clothing,East,6, £451.83 ,21.00%,Wallet,3," £2,141.67 "," £2,710.98 ",On Time
10700,12/1/2023,1379,Clothing,North,2, £79.27 ,17.00%,Card,7, £131.59 , £158.54 ,Delayed
10701,12/2/2023,1544,Home,West,6, £263.44 ,32.00%,COD,4," £1,074.84 "," £1,580.64 ",On Time
10702,12/3/2023,1928,Electronics,South,7, £25.40 ,13.00%,COD,2, £154.69 , £177.80 ,On Time
10703,12/4/2023,1956,Electronics,North,6, £34.63 ,8.00%,Wallet,8, £191.16 , £207.78 ,Delayed
10704,12/5/2023,1690,Home,East,1, £297.53 ,21.00%,Wallet,2, £235.05 , £297.53 ,On Time
10705,12/6/2023,1426,Clothing,West,3, £189.45 ,22.00%,COD,1, £443.31 , £568.35 ,On Time
10706,12/7/2023,1612,Home,East,6, £509.39 ,15.00%,Card,5," £2,597.89 "," £3,056.34 ",On Time
10707,12/8/2023,1267,Home,West,3, £367.26 ,17.00%,Card,10, £914.48 ," £1,101.78 ",Delayed
10708,12/9/2023,1834,Home,South,6, £280.55 ,34.00%,Card,9," £1,110.98 "," £1,683.30 ",Delayed
10709,12/10/2023,1576,Clothing,West,3, £253.64 ,26.00%,COD,5, £563.08 , £760.92 ,On Time
10710,12/11/2023,1416,Electronics,East,2, £305.89 ,4.00%,COD,11, £587.31 , £611.78 ,Delayed
10711,12/12/2023,1167,Home,East,1, £38.66 ,7.00%,Wallet,2, £35.95 , £38.66 ,On Time
10712,12/13/2023,1841,Clothing,North,6, £537.28 ,34.00%,COD,10," £2,127.63 "," £3,223.68 ",Delayed
10713,12/14/2023,1042,Electronics,West,4, £599.01 ,25.00%,COD,4," £1,797.03 "," £2,396.04 ",On Time
10714,12/15/2023,1555,Beauty,East,3, £121.17 ,32.00%,COD,8, £247.19 , £363.51 ,Delayed
10715,12/16/2023,1284,Beauty,North,3, £85.42 ,11.00%,Card,7, £228.07 , £256.26 ,Delayed
10716,12/17/2023,1396,Clothing,South,4, £98.99 ,26.00%,COD,5, £293.01 , £395.96 ,On Time
10717,12/18/2023,1011,Electronics,East,1, £401.70 ,25.00%,COD,4, £301.28 , £401.70 ,On Time
10718,12/19/2023,1606,Clothing,North,3, £401.94 ,10.00%,Wallet,5," £1,085.24 "," £1,205.82 ",On Time
10719,12/20/2023,1301,Home,East,1, £511.04 ,19.00%,Card,7, £413.94 , £511.04 ,Delayed
10720,12/21/2023,1897,Beauty,West,3, £454.82 ,22.00%,Wallet,5," £1,064.28 "," £1,364.46 ",On Time
10721,12/22/2023,1252,Electronics,North,7, £278.07 ,17.00%,COD,8," £1,615.59 "," £1,946.49 ",Delayed
10722,12/23/2023,1498,Electronics,West,5, £373.52 ,29.00%,Card,7," £1,326.00 "," £1,867.60 ",Delayed
10723,12/24/2023,1753,Beauty,South,7, £417.65 ,29.00%,Card,7," £2,075.72 "," £2,923.55 ",Delayed
10724,12/25/2023,1034,Clothing,West,3, £314.95 ,30.00%,Card,9, £661.40 , £944.85 ,Delayed
10725,12/26/2023,1726,Clothing,North,5, £293.26 ,28.00%,COD,8," £1,055.74 "," £1,466.30 ",Delayed
10726,12/27/2023,1848,Beauty,East,6, £392.38 ,17.00%,Card,8," £1,954.05 "," £2,354.28 ",Delayed
10727,12/28/2023,1089,Electronics,North,1, £341.12 ,13.00%,Card,6, £296.77 , £341.12 ,Delayed
10728,12/29/2023,1775,Clothing,West,3, £391.71 ,29.00%,Wallet,7, £834.34 ," £1,175.13 ",Delayed
10729,12/30/2023,1604,Electronics,West,2, £373.52 ,17.00%,COD,8, £620.04 , £747.04 ,Delayed
10730,12/31/2023,1921,Clothing,East,2, £435.73 ,9.00%,COD,5, £793.03 , £871.46 ,On Time
10731,1/1/2024,1969,Home,South,4, £391.04 ,18.00%,Card,10," £1,282.61 "," £1,564.16 ",Delayed
10732,1/2/2024,1601,Clothing,North,2, £319.05 ,5.00%,COD,2, £606.20 , £638.10 ,On Time
10733,1/3/2024,1417,Beauty,East,5, £413.85 ,24.00%,Card,7," £1,572.63 "," £2,069.25 ",Delayed
10734,1/4/2024,1114,Clothing,East,2, £277.95 ,12.00%,Wallet,10, £489.19 , £555.90 ,Delayed
10735,1/5/2024,1616,Electronics,East,2, £156.38 ,9.00%,Card,3, £284.61 , £312.76 ,On Time
10736,1/6/2024,1902,Electronics,North,2, £15.83 ,33.00%,COD,10, £21.21 , £31.66 ,Delayed
10737,1/7/2024,1195,Clothing,North,3, £342.58 ,27.00%,COD,11, £750.25 ," £1,027.74 ",Delayed
10738,1/8/2024,1825,Clothing,North,4, £360.53 ,28.00%,COD,8," £1,038.33 "," £1,442.12 ",Delayed
10739,1/9/2024,1500,Electronics,South,1, £583.65 ,22.00%,Wallet,6, £455.25 , £583.65 ,Delayed
10740,1/10/2024,1625,Clothing,East,4, £226.46 ,29.00%,Card,11, £643.15 , £905.84 ,Delayed
10741,1/11/2024,1492,Clothing,West,5, £245.57 ,27.00%,Card,4, £896.33 ," £1,227.85 ",On Time
10742,1/12/2024,1074,Home,West,3, £133.05 ,21.00%,COD,2, £315.33 , £399.15 ,On Time
10743,1/13/2024,1412,Home,East,6, £56.26 ,34.00%,COD,7, £222.79 , £337.56 ,Delayed
10744,1/14/2024,1375,Home,West,3, £467.09 ,7.00%,Card,1," £1,303.18 "," £1,401.27 ",On Time
10745,1/15/2024,1419,Electronics,South,7, £161.06 ,33.00%,Card,7, £755.37 ," £1,127.42 ",Delayed
10746,1/16/2024,1728,Electronics,South,2, £371.21 ,14.00%,COD,10, £638.48 , £742.42 ,Delayed
10747,1/17/2024,1276,Home,North,2, £417.35 ,18.00%,Wallet,10, £684.45 , £834.70 ,Delayed
10748,1/18/2024,1760,Clothing,North,5, £290.67 ,4.00%,COD,7," £1,395.22 "," £1,453.35 ",Delayed
10749,1/19/2024,1675,Electronics,North,6, £527.67 ,19.00%,Wallet,10," £2,564.48 "," £3,166.02 ",Delayed
10750,1/20/2024,1393,Home,North,7, £274.62 ,21.00%,COD,3," £1,518.65 "," £1,922.34 ",On Time
10751,1/21/2024,1868,Home,North,3, £181.67 ,35.00%,Card,4, £354.26 , £545.01 ,On Time
10752,1/22/2024,1456,Clothing,West,6, £539.17 ,34.00%,Card,4," £2,135.11 "," £3,235.02 ",On Time
10753,1/23/2024,1919,Electronics,West,1, £519.02 ,34.00%,COD,4, £342.55 , £519.02 ,On Time
10754,1/24/2024,1191,Home,North,4, £110.96 ,12.00%,COD,9, £390.58 , £443.84 ,Delayed
10755,1/25/2024,1738,Clothing,South,3, £30.19 ,35.00%,COD,6, £58.87 , £90.57 ,Delayed
10756,1/26/2024,1688,Home,West,6, £67.64 ,16.00%,COD,10, £340.91 , £405.84 ,Delayed
10757,1/27/2024,1098,Home,South,1, £182.63 ,30.00%,Wallet,9, £127.84 , £182.63 ,Delayed
10758,1/28/2024,1547,Home,South,1, £583.77 ,8.00%,COD,4, £537.07 , £583.77 ,On Time
10759,1/29/2024,1977,Clothing,East,7, £341.73 ,18.00%,Card,7," £1,961.53 "," £2,392.11 ",Delayed
10760,1/30/2024,1998,Electronics,East,7, £233.36 ,34.00%,Card,10," £1,078.12 "," £1,633.52 ",Delayed
10761,1/31/2024,1095,Home,North,4, £534.90 ,33.00%,COD,9," £1,433.53 "," £2,139.60 ",Delayed
10762,2/1/2024,1663,Clothing,South,1, £280.08 ,24.00%,Wallet,10, £212.86 , £280.08 ,Delayed
10763,2/2/2024,1662,Home,West,5, £199.41 ,28.00%,Card,3, £717.88 , £997.05 ,On Time
10764,2/3/2024,1189,Electronics,East,1, £565.61 ,6.00%,Wallet,3, £531.67 , £565.61 ,On Time
10765,2/4/2024,1735,Electronics,East,6, £511.97 ,25.00%,Wallet,6," £2,303.87 "," £3,071.82 ",Delayed
10766,2/5/2024,1036,Beauty,South,7, £508.55 ,22.00%,COD,8," £2,776.68 "," £3,559.85 ",Delayed
10767,2/6/2024,1779,Home,East,5, £314.69 ,3.00%,Card,1," £1,526.25 "," £1,573.45 ",On Time
10768,2/7/2024,1368,Beauty,East,7, £476.82 ,4.00%,Card,4," £3,204.23 "," £3,337.74 ",On Time
10769,2/8/2024,1694,Home,West,7, £119.92 ,4.00%,Card,8, £805.86 , £839.44 ,Delayed
10770,2/9/2024,1524,Clothing,South,7, £350.34 ,25.00%,Card,6," £1,839.29 "," £2,452.38 ",Delayed
10771,2/10/2024,1278,Home,East,1, £590.55 ,5.00%,COD,2, £561.02 , £590.55 ,On Time
10772,2/11/2024,1216,Beauty,South,2, £185.21 ,16.00%,Card,8, £311.15 , £370.42 ,Delayed
10773,2/12/2024,1866,Clothing,East,1, £479.70 ,12.00%,COD,1, £422.14 , £479.70 ,On Time
10774,2/13/2024,1872,Clothing,West,7, £301.93 ,19.00%,Card,1," £1,711.94 "," £2,113.51 ",On Time
10775,2/14/2024,1797,Electronics,South,5, £38.29 ,25.00%,Card,7, £143.59 , £191.45 ,Delayed
10776,2/15/2024,1272,Clothing,East,1, £461.37 ,24.00%,COD,10, £350.64 , £461.37 ,Delayed
10777,2/16/2024,1880,Home,West,7, £113.61 ,18.00%,Wallet,3, £652.12 , £795.27 ,On Time
10778,2/17/2024,1061,Electronics,East,7, £384.41 ,16.00%,COD,8," £2,260.33 "," £2,690.87 ",Delayed
10779,2/18/2024,1595,Electronics,South,1, £65.11 ,14.00%,COD,9, £55.99 , £65.11 ,Delayed
10780,2/19/2024,1879,Electronics,East,1, £568.92 ,30.00%,COD,8, £398.24 , £568.92 ,Delayed
10781,2/20/2024,1728,Electronics,South,5, £185.66 ,12.00%,COD,1, £816.90 , £928.30 ,On Time
10782,2/21/2024,1341,Electronics,South,1, £147.48 ,9.00%,Wallet,1, £134.21 , £147.48 ,On Time
10783,2/22/2024,1396,Clothing,East,4, £90.54 ,26.00%,Card,6, £268.00 , £362.16 ,Delayed
10784,2/23/2024,1698,Beauty,West,6, £568.41 ,13.00%,Wallet,1," £2,967.10 "," £3,410.46 ",On Time
10785,2/24/2024,1018,Clothing,North,4, £431.46 ,30.00%,Card,8," £1,208.09 "," £1,725.84 ",Delayed
10786,2/25/2024,1176,Electronics,West,5, £448.87 ,11.00%,Wallet,6," £1,997.47 "," £2,244.35 ",Delayed
10787,2/26/2024,1611,Electronics,West,2, £307.15 ,25.00%,Card,5, £460.73 , £614.30 ,On Time
10788,2/27/2024,1395,Home,East,4, £292.72 ,2.00%,Wallet,6," £1,147.46 "," £1,170.88 ",Delayed
10789,2/28/2024,1444,Clothing,West,7, £79.36 ,13.00%,Wallet,4, £483.30 , £555.52 ,On Time
10790,2/29/2024,1232,Home,West,6, £342.51 ,12.00%,Card,1," £1,808.45 "," £2,055.06 ",On Time
10791,3/1/2024,1914,Home,North,3, £159.45 ,29.00%,Wallet,7, £339.63 , £478.35 ,Delayed
10792,3/2/2024,1075,Home,West,6, £586.63 ,34.00%,Card,10," £2,323.05 "," £3,519.78 ",Delayed
10793,3/3/2024,1264,Electronics,North,4, £481.00 ,16.00%,Card,9," £1,616.16 "," £1,924.00 ",Delayed
10794,3/4/2024,1454,Home,East,3, £256.60 ,29.00%,Card,4, £546.56 , £769.80 ,On Time
10795,3/5/2024,1795,Electronics,North,5, £103.53 ,24.00%,Wallet,4, £393.41 , £517.65 ,On Time
10796,3/6/2024,1717,Beauty,South,6, £474.42 ,34.00%,COD,9," £1,878.70 "," £2,846.52 ",Delayed
10797,3/7/2024,1734,Clothing,South,2, £86.40 ,28.00%,COD,4, £124.42 , £172.80 ,On Time
10798,3/8/2024,1383,Electronics,North,3, £125.76 ,3.00%,COD,10, £365.96 , £377.28 ,Delayed
10799,3/9/2024,1563,Electronics,South,3, £138.74 ,25.00%,Wallet,4, £312.17 , £416.22 ,On Time
10800,3/10/2024,1850,Electronics,East,6, £340.78 ,19.00%,COD,8," £1,656.19 "," £2,044.68 ",Delayed
10801,3/11/2024,1505,Home,South,4, £475.43 ,1.00%,Card,11," £1,882.70 "," £1,901.72 ",Delayed
10802,3/12/2024,1366,Electronics,North,3, £198.87 ,9.00%,Card,4, £542.92 , £596.61 ,On Time
10803,3/13/2024,1143,Clothing,East,5, £64.53 ,32.00%,Card,9, £219.40 , £322.65 ,Delayed
10804,3/14/2024,1884,Electronics,South,6, £286.76 ,32.00%,COD,11," £1,169.98 "," £1,720.56 ",Delayed
10805,3/15/2024,1068,Home,East,5, £452.64 ,28.00%,Card,8," £1,629.50 "," £2,263.20 ",Delayed
10806,3/16/2024,1098,Home,North,6, £144.67 ,34.00%,Card,5, £572.89 , £868.02 ,On Time
10807,3/17/2024,1395,Home,South,5, £143.66 ,28.00%,Wallet,9, £517.18 , £718.30 ,Delayed
10808,3/18/2024,1024,Home,East,4, £569.13 ,0.00%,Card,8," £2,276.52 "," £2,276.52 ",Delayed
10809,3/19/2024,1947,Electronics,East,6, £573.18 ,10.00%,COD,10," £3,095.17 "," £3,439.08 ",Delayed
10810,3/20/2024,1890,Electronics,South,7, £594.42 ,1.00%,Card,4," £4,119.33 "," £4,160.94 ",On Time
10811,3/21/2024,1468,Home,East,2, £487.48 ,3.00%,Card,4, £945.71 , £974.96 ,On Time
10812,3/22/2024,1483,Clothing,East,4, £125.09 ,8.00%,Card,1, £460.33 , £500.36 ,On Time
10813,3/23/2024,1564,Clothing,North,5, £139.01 ,18.00%,Card,4, £569.94 , £695.05 ,On Time
10814,3/24/2024,1150,Electronics,North,6, £214.03 ,30.00%,Wallet,8, £898.93 ," £1,284.18 ",Delayed
10815,3/25/2024,1143,Electronics,North,4, £201.11 ,30.00%,Card,5, £563.11 , £804.44 ,On Time
10816,3/26/2024,1568,Electronics,North,5, £574.57 ,22.00%,Card,6," £2,240.82 "," £2,872.85 ",Delayed
10817,3/27/2024,1038,Beauty,North,1, £476.61 ,32.00%,COD,4, £324.09 , £476.61 ,On Time
10818,3/28/2024,1108,Electronics,North,1, £438.55 ,18.00%,COD,5, £359.61 , £438.55 ,On Time
10819,3/29/2024,1692,Clothing,South,3, £123.79 ,31.00%,COD,10, £256.25 , £371.37 ,Delayed
10820,3/30/2024,1041,Electronics,North,2, £547.07 ,16.00%,Wallet,8, £919.08 ," £1,094.14 ",Delayed
10821,3/31/2024,1185,Home,East,1, £499.30 ,10.00%,COD,9, £449.37 , £499.30 ,Delayed
10822,4/1/2024,1934,Electronics,South,7, £110.73 ,32.00%,Card,3, £527.07 , £775.11 ,On Time
10823,4/2/2024,1397,Beauty,East,5, £524.63 ,14.00%,Wallet,10," £2,255.91 "," £2,623.15 ",Delayed
10824,4/3/2024,1222,Beauty,North,4, £174.26 ,18.00%,COD,4, £571.57 , £697.04 ,On Time
10825,4/4/2024,1633,Electronics,North,6, £62.31 ,12.00%,Card,1, £329.00 , £373.86 ,On Time
10826,4/5/2024,1132,Beauty,East,4, £399.24 ,23.00%,Card,11," £1,229.66 "," £1,596.96 ",Delayed
10827,4/6/2024,1162,Beauty,East,3, £397.48 ,35.00%,Card,5, £775.09 ," £1,192.44 ",On Time
10828,4/7/2024,1214,Home,East,4, £70.54 ,1.00%,Card,4, £279.34 , £282.16 ,On Time
10829,4/8/2024,1732,Home,West,1, £201.53 ,31.00%,Card,6, £139.06 , £201.53 ,Delayed
10830,4/9/2024,1234,Electronics,West,4, £595.80 ,0.00%,Card,6," £2,383.20 "," £2,383.20 ",Delayed
10831,4/10/2024,1842,Clothing,West,1, £411.88 ,13.00%,Wallet,10, £358.34 , £411.88 ,Delayed
10832,4/11/2024,1657,Electronics,West,1, £442.09 ,6.00%,Wallet,6, £415.56 , £442.09 ,Delayed
10833,4/12/2024,1750,Electronics,South,2, £139.56 ,27.00%,COD,3, £203.76 , £279.12 ,On Time
10834,4/13/2024,1587,Beauty,North,3, £61.09 ,2.00%,Wallet,7, £179.60 , £183.27 ,Delayed
10835,4/14/2024,1008,Electronics,East,7, £176.99 ,19.00%,Card,3," £1,003.53 "," £1,238.93 ",On Time
10836,4/15/2024,1073,Home,North,7, £160.61 ,10.00%,Wallet,6," £1,011.84 "," £1,124.27 ",Delayed
10837,4/16/2024,1953,Home,East,5, £152.21 ,5.00%,COD,10, £723.00 , £761.05 ,Delayed
10838,4/17/2024,1491,Beauty,North,7, £127.76 ,27.00%,Card,1, £652.85 , £894.32 ,On Time
10839,4/18/2024,1912,Beauty,South,1, £351.23 ,8.00%,Card,8, £323.13 , £351.23 ,Delayed
10840,4/19/2024,1252,Electronics,West,6, £206.94 ,8.00%,Card,7," £1,142.31 "," £1,241.64 ",Delayed
10841,4/20/2024,1229,Electronics,North,3, £494.90 ,10.00%,Card,9," £1,336.23 "," £1,484.70 ",Delayed
10842,4/21/2024,1518,Clothing,East,5, £122.61 ,21.00%,Card,3, £484.31 , £613.05 ,On Time
10843,4/22/2024,1173,Electronics,North,7, £286.81 ,23.00%,Card,8," £1,545.91 "," £2,007.67 ",Delayed
10844,4/23/2024,1652,Electronics,South,7, £22.99 ,1.00%,Card,2, £159.32 , £160.93 ,On Time
10845,4/24/2024,1167,Clothing,South,6, £296.78 ,8.00%,Card,9," £1,638.23 "," £1,780.68 ",Delayed
10846,4/25/2024,1169,Home,North,4, £47.67 ,15.00%,Wallet,1, £162.08 , £190.68 ,On Time
10847,4/26/2024,1392,Clothing,West,3, £586.97 ,12.00%,Card,10," £1,549.60 "," £1,760.91 ",Delayed
10848,4/27/2024,1945,Electronics,East,6, £477.50 ,31.00%,Card,7," £1,976.85 "," £2,865.00 ",Delayed
10849,4/28/2024,1794,Home,South,7, £301.72 ,28.00%,COD,10," £1,520.67 "," £2,112.04 ",Delayed
10850,4/29/2024,1633,Electronics,South,3, £65.65 ,22.00%,Wallet,1, £153.62 , £196.95 ,On Time
10851,4/30/2024,1193,Electronics,North,3, £361.58 ,12.00%,Card,6, £954.57 ," £1,084.74 ",Delayed
10852,5/1/2024,1516,Home,South,7, £458.88 ,25.00%,Wallet,1," £2,409.12 "," £3,212.16 ",On Time
10853,5/2/2024,1028,Clothing,South,4, £126.57 ,30.00%,Card,4, £354.40 , £506.28 ,On Time
10854,5/3/2024,1164,Home,East,4, £347.40 ,21.00%,Card,7," £1,097.78 "," £1,389.60 ",Delayed
10855,5/4/2024,1421,Electronics,West,7, £491.31 ,27.00%,Card,2," £2,510.59 "," £3,439.17 ",On Time
10856,5/5/2024,1338,Home,East,3, £464.42 ,26.00%,COD,3," £1,031.01 "," £1,393.26 ",On Time
10857,5/6/2024,1647,Clothing,West,6, £484.75 ,20.00%,Card,4," £2,326.80 "," £2,908.50 ",On Time
10858,5/7/2024,1495,Clothing,East,2, £529.40 ,11.00%,COD,6, £942.33 ," £1,058.80 ",Delayed
10859,5/8/2024,1364,Clothing,North,1, £563.54 ,26.00%,Card,9, £417.02 , £563.54 ,Delayed
10860,5/9/2024,1832,Beauty,South,4, £252.23 ,7.00%,COD,4, £938.30 ," £1,008.92 ",On Time
10861,5/10/2024,1341,Clothing,West,7, £347.73 ,27.00%,Card,6," £1,776.90 "," £2,434.11 ",Delayed
10862,5/11/2024,1499,Clothing,North,2, £477.54 ,28.00%,COD,7, £687.66 , £955.08 ,Delayed
10863,5/12/2024,1656,Beauty,South,4, £422.83 ,29.00%,COD,4," £1,200.84 "," £1,691.32 ",On Time
10864,5/13/2024,1510,Home,South,3, £597.38 ,17.00%,COD,6," £1,487.48 "," £1,792.14 ",Delayed
10865,5/14/2024,1326,Clothing,South,7, £23.00 ,7.00%,Card,3, £149.73 , £161.00 ,On Time
10866,5/15/2024,1216,Home,East,2, £222.75 ,3.00%,Wallet,5, £432.14 , £445.50 ,On Time
10867,5/16/2024,1300,Clothing,North,7, £179.40 ,26.00%,COD,11, £929.29 ," £1,255.80 ",Delayed
10868,5/17/2024,1131,Electronics,North,6, £168.45 ,31.00%,Card,10, £697.38 ," £1,010.70 ",Delayed
10869,5/18/2024,1803,Clothing,South,6, £145.18 ,23.00%,Wallet,4, £670.73 , £871.08 ,On Time
10870,5/19/2024,1069,Beauty,West,5, £429.84 ,5.00%,COD,7," £2,041.74 "," £2,149.20 ",Delayed
10871,5/20/2024,1251,Beauty,North,1, £64.58 ,33.00%,COD,6, £43.27 , £64.58 ,Delayed
10872,5/21/2024,1414,Electronics,East,1, £448.84 ,35.00%,Card,7, £291.75 , £448.84 ,Delayed
10873,5/22/2024,1786,Clothing,West,4, £420.65 ,15.00%,COD,6," £1,430.21 "," £1,682.60 ",Delayed
10874,5/23/2024,1444,Electronics,West,1, £161.72 ,21.00%,Card,2, £127.76 , £161.72 ,On Time
10875,5/24/2024,1875,Beauty,West,7, £162.91 ,27.00%,Card,7, £832.47 ," £1,140.37 ",Delayed
10876,5/25/2024,1181,Beauty,West,7, £382.88 ,26.00%,Card,8," £1,983.32 "," £2,680.16 ",Delayed
10877,5/26/2024,1166,Clothing,North,5, £460.87 ,34.00%,COD,7," £1,520.87 "," £2,304.35 ",Delayed
10878,5/27/2024,1090,Home,South,6, £527.74 ,4.00%,Card,4," £3,039.78 "," £3,166.44 ",On Time
10879,5/28/2024,1713,Home,West,2, £513.50 ,20.00%,Wallet,4, £821.60 ," £1,027.00 ",On Time
10880,5/29/2024,1857,Clothing,East,2, £579.46 ,24.00%,Card,5, £880.78 ," £1,158.92 ",On Time
10881,5/30/2024,1530,Electronics,East,6, £355.11 ,31.00%,Card,9," £1,470.16 "," £2,130.66 ",Delayed
10882,5/31/2024,1038,Clothing,South,3, £546.56 ,31.00%,COD,5," £1,131.38 "," £1,639.68 ",On Time
10883,6/1/2024,1125,Home,North,6, £487.98 ,34.00%,COD,2," £1,932.40 "," £2,927.88 ",On Time
10884,6/2/2024,1450,Home,South,2, £538.38 ,18.00%,Card,5, £882.94 ," £1,076.76 ",On Time
10885,6/3/2024,1172,Clothing,West,4, £21.80 ,29.00%,Card,3, £61.91 , £87.20 ,On Time
10886,6/4/2024,1652,Beauty,North,5, £580.05 ,15.00%,Card,10," £2,465.21 "," £2,900.25 ",Delayed
10887,6/5/2024,1753,Electronics,North,6, £292.02 ,15.00%,COD,8," £1,489.30 "," £1,752.12 ",Delayed
10888,6/6/2024,1219,Clothing,West,3, £481.94 ,9.00%,Card,10," £1,315.70 "," £1,445.82 ",Delayed
10889,6/7/2024,1637,Home,East,4, £89.41 ,29.00%,COD,10, £253.92 , £357.64 ,Delayed
10890,6/8/2024,1057,Home,West,6, £246.63 ,35.00%,COD,2, £961.86 ," £1,479.78 ",On Time
10891,6/9/2024,1659,Clothing,South,4, £173.80 ,9.00%,Card,11, £632.63 , £695.20 ,Delayed
10892,6/10/2024,1475,Electronics,West,6, £185.62 ,2.00%,Card,4," £1,091.45 "," £1,113.72 ",On Time
10893,6/11/2024,1455,Electronics,East,4, £87.10 ,29.00%,Card,5, £247.36 , £348.40 ,On Time
10894,6/12/2024,1828,Clothing,West,7, £486.37 ,22.00%,Card,4," £2,655.58 "," £3,404.59 ",On Time
10895,6/13/2024,1894,Clothing,South,1, £20.41 ,34.00%,COD,5, £13.47 , £20.41 ,On Time
10896,6/14/2024,1360,Electronics,South,4, £197.82 ,9.00%,COD,10, £720.06 , £791.28 ,Delayed
10897,6/15/2024,1934,Home,East,7, £117.03 ,2.00%,COD,11, £802.83 , £819.21 ,Delayed
10898,6/16/2024,1000,Clothing,South,1, £359.59 ,17.00%,Card,4, £298.46 , £359.59 ,On Time
10899,6/17/2024,1386,Home,South,2, £163.74 ,3.00%,Wallet,3, £317.66 , £327.48 ,On Time
10900,6/18/2024,1972,Home,West,1, £166.51 ,9.00%,Card,1, £151.52 , £166.51 ,On Time
10901,6/19/2024,1347,Electronics,North,4, £300.68 ,4.00%,Card,4," £1,154.61 "," £1,202.72 ",On Time
10902,6/20/2024,1189,Electronics,South,5, £396.82 ,8.00%,COD,9," £1,825.37 "," £1,984.10 ",Delayed
10903,6/21/2024,1504,Home,South,5, £85.96 ,4.00%,Wallet,1, £412.61 , £429.80 ,On Time
10904,6/22/2024,1190,Clothing,East,2, £117.67 ,33.00%,Card,7, £157.68 , £235.34 ,Delayed
10905,6/23/2024,1507,Home,East,4, £159.60 ,10.00%,COD,3, £574.56 , £638.40 ,On Time
10906,6/24/2024,1368,Home,West,1, £584.64 ,16.00%,Wallet,8, £491.10 , £584.64 ,Delayed
10907,6/25/2024,1408,Home,West,5, £247.33 ,31.00%,COD,6, £853.29 ," £1,236.65 ",Delayed
10908,6/26/2024,1823,Beauty,South,6, £365.41 ,24.00%,Card,1," £1,666.27 "," £2,192.46 ",On Time
10909,6/27/2024,1928,Clothing,North,3, £156.30 ,22.00%,Wallet,10, £365.74 , £468.90 ,Delayed
10910,6/28/2024,1933,Clothing,North,4, £301.92 ,25.00%,COD,5, £905.76 ," £1,207.68 ",On Time
10911,6/29/2024,1116,Clothing,West,7, £58.36 ,29.00%,COD,8, £290.05 , £408.52 ,Delayed
10912,6/30/2024,1133,Electronics,East,7, £35.32 ,31.00%,COD,11, £170.60 , £247.24 ,Delayed
10913,7/1/2024,1057,Clothing,South,6, £289.21 ,22.00%,Wallet,3," £1,353.50 "," £1,735.26 ",On Time
10914,7/2/2024,1555,Electronics,South,6, £248.22 ,31.00%,Card,4," £1,027.63 "," £1,489.32 ",On Time
10915,7/3/2024,1684,Beauty,North,4, £95.07 ,19.00%,Card,7, £308.03 , £380.28 ,Delayed
10916,7/4/2024,1671,Clothing,West,3, £417.25 ,10.00%,COD,11," £1,126.58 "," £1,251.75 ",Delayed
10917,7/5/2024,1172,Clothing,North,5, £595.85 ,31.00%,Card,6," £2,055.68 "," £2,979.25 ",Delayed
10918,7/6/2024,1828,Clothing,North,3, £246.45 ,19.00%,Card,7, £598.87 , £739.35 ,Delayed
10919,7/7/2024,1814,Electronics,West,2, £380.37 ,32.00%,COD,9, £517.30 , £760.74 ,Delayed
10920,7/8/2024,1148,Electronics,East,1, £578.34 ,1.00%,Card,9, £572.56 , £578.34 ,Delayed
10921,7/9/2024,1079,Clothing,South,1, £501.45 ,14.00%,COD,2, £431.25 , £501.45 ,On Time
10922,7/10/2024,1885,Electronics,East,6, £286.18 ,33.00%,Wallet,3," £1,150.44 "," £1,717.08 ",On Time
10923,7/11/2024,1212,Clothing,West,5, £446.43 ,9.00%,Card,4," £2,031.26 "," £2,232.15 ",On Time
10924,7/12/2024,1202,Beauty,West,3, £89.96 ,33.00%,Wallet,6, £180.82 , £269.88 ,Delayed
10925,7/13/2024,1763,Beauty,South,6, £314.58 ,33.00%,Card,5," £1,264.61 "," £1,887.48 ",On Time
10926,7/14/2024,1228,Home,East,4, £178.25 ,31.00%,Wallet,6, £491.97 , £713.00 ,Delayed
10927,7/15/2024,1675,Electronics,South,6, £109.28 ,20.00%,Wallet,11, £524.54 , £655.68 ,Delayed
10928,7/16/2024,1226,Beauty,North,4, £264.37 ,23.00%,Card,8, £814.26 ," £1,057.48 ",Delayed
10929,7/17/2024,1658,Beauty,North,4, £91.64 ,30.00%,Card,2, £256.59 , £366.56 ,On Time
10930,7/18/2024,1531,Electronics,North,2, £423.91 ,27.00%,Card,6, £618.91 , £847.82 ,Delayed
10931,7/19/2024,1440,Home,East,2, £281.90 ,22.00%,Wallet,9, £439.76 , £563.80 ,Delayed
10932,7/20/2024,1401,Electronics,North,4, £325.72 ,34.00%,Wallet,5, £859.90 ," £1,302.88 ",On Time
10933,7/21/2024,1046,Home,South,5, £100.63 ,24.00%,Card,1, £382.39 , £503.15 ,On Time
10934,7/22/2024,1232,Beauty,East,2, £96.77 ,34.00%,COD,8, £127.74 , £193.54 ,Delayed
10935,7/23/2024,1304,Electronics,South,2, £356.30 ,2.00%,Card,4, £698.35 , £712.60 ,On Time
10936,7/24/2024,1525,Beauty,West,1, £591.23 ,5.00%,COD,8, £561.67 , £591.23 ,Delayed
10937,7/25/2024,1142,Clothing,East,6, £71.31 ,16.00%,Wallet,4, £359.40 , £427.86 ,On Time
10938,7/26/2024,1414,Beauty,South,1, £182.15 ,13.00%,Card,11, £158.47 , £182.15 ,Delayed
10939,7/27/2024,1512,Clothing,South,5, £523.63 ,27.00%,Wallet,8," £1,911.25 "," £2,618.15 ",Delayed
10940,7/28/2024,1372,Home,East,2, £57.28 ,6.00%,Wallet,9, £107.69 , £114.56 ,Delayed
10941,7/29/2024,1565,Electronics,West,7, £527.39 ,34.00%,Wallet,5," £2,436.54 "," £3,691.73 ",On Time
10942,7/30/2024,1885,Electronics,East,2, £321.71 ,11.00%,Card,5, £572.64 , £643.42 ,On Time
10943,7/31/2024,1258,Electronics,North,3, £253.84 ,15.00%,Card,2, £647.29 , £761.52 ,On Time
10944,8/1/2024,1655,Beauty,North,5, £196.16 ,10.00%,Card,9, £882.72 , £980.80 ,Delayed
10945,8/2/2024,1470,Home,West,7, £188.81 ,20.00%,COD,11," £1,057.34 "," £1,321.67 ",Delayed
10946,8/3/2024,1952,Beauty,South,6, £193.89 ,2.00%,COD,4," £1,140.07 "," £1,163.34 ",On Time
10947,8/4/2024,1970,Beauty,South,6, £532.61 ,5.00%,Card,3," £3,035.88 "," £3,195.66 ",On Time
10948,8/5/2024,1011,Electronics,South,7, £438.42 ,26.00%,COD,2," £2,271.02 "," £3,068.94 ",On Time
10949,8/6/2024,1329,Clothing,East,6, £406.79 ,7.00%,Card,3," £2,269.89 "," £2,440.74 ",On Time
10950,8/7/2024,1735,Electronics,East,7, £482.27 ,8.00%,Card,4," £3,105.82 "," £3,375.89 ",On Time
10951,8/8/2024,1783,Electronics,West,5, £165.41 ,28.00%,Card,9, £595.48 , £827.05 ,Delayed
10952,8/9/2024,1967,Electronics,North,7, £376.56 ,3.00%,Card,6," £2,556.84 "," £2,635.92 ",Delayed
10953,8/10/2024,1357,Clothing,South,7, £284.14 ,15.00%,Card,10," £1,690.63 "," £1,988.98 ",Delayed
10954,8/11/2024,1971,Electronics,North,3, £472.73 ,1.00%,Card,5," £1,404.01 "," £1,418.19 ",On Time
10955,8/12/2024,1407,Electronics,East,3, £195.91 ,12.00%,Wallet,9, £517.20 , £587.73 ,Delayed
10956,8/13/2024,1667,Electronics,East,1, £391.26 ,24.00%,COD,8, £297.36 , £391.26 ,Delayed
10957,8/14/2024,1372,Electronics,East,5, £531.09 ,3.00%,Card,6," £2,575.79 "," £2,655.45 ",Delayed
10958,8/15/2024,1007,Beauty,North,5, £250.26 ,31.00%,COD,3, £863.40 ," £1,251.30 ",On Time
10959,8/16/2024,1121,Home,West,3, £53.97 ,32.00%,COD,7, £110.10 , £161.91 ,Delayed
10960,8/17/2024,1347,Beauty,West,4, £316.89 ,4.00%,Card,10," £1,216.86 "," £1,267.56 ",Delayed
10961,8/18/2024,1675,Clothing,East,4, £217.39 ,35.00%,COD,6, £565.21 , £869.56 ,Delayed
10962,8/19/2024,1089,Electronics,South,1, £408.25 ,10.00%,COD,11, £367.43 , £408.25 ,Delayed
10963,8/20/2024,1647,Home,North,4, £571.35 ,3.00%,COD,8," £2,216.84 "," £2,285.40 ",Delayed
10964,8/21/2024,1697,Electronics,East,4, £299.08 ,0.00%,COD,6," £1,196.32 "," £1,196.32 ",Delayed
10965,8/22/2024,1315,Electronics,North,4, £287.72 ,14.00%,COD,11, £989.76 ," £1,150.88 ",Delayed
10966,8/23/2024,1177,Electronics,North,2, £397.93 ,22.00%,Card,10, £620.77 , £795.86 ,Delayed
10967,8/24/2024,1539,Electronics,West,1, £75.55 ,12.00%,Wallet,4, £66.48 , £75.55 ,On Time
10968,8/25/2024,1731,Electronics,East,3, £163.30 ,29.00%,Card,10, £347.83 , £489.90 ,Delayed
10969,8/26/2024,1868,Clothing,West,4, £552.60 ,25.00%,Wallet,7," £1,657.80 "," £2,210.40 ",Delayed
10970,8/27/2024,1040,Home,East,6, £406.92 ,12.00%,Card,7," £2,148.54 "," £2,441.52 ",Delayed
10971,8/28/2024,1739,Electronics,North,7, £22.86 ,26.00%,Card,11, £118.41 , £160.02 ,Delayed
10972,8/29/2024,1703,Electronics,West,2, £134.71 ,33.00%,COD,8, £180.51 , £269.42 ,Delayed
10973,8/30/2024,1922,Home,North,4, £414.46 ,3.00%,Card,2," £1,608.10 "," £1,657.84 ",On Time
10974,8/31/2024,1501,Electronics,East,7, £462.17 ,11.00%,Wallet,11," £2,879.32 "," £3,235.19 ",Delayed
10975,9/1/2024,1958,Electronics,South,7, £506.32 ,16.00%,Card,6," £2,977.16 "," £3,544.24 ",Delayed
10976,9/2/2024,1144,Beauty,West,2, £185.92 ,17.00%,COD,3, £308.63 , £371.84 ,On Time
10977,9/3/2024,1200,Electronics,West,1, £559.65 ,19.00%,Card,8, £453.32 , £559.65 ,Delayed
10978,9/4/2024,1928,Electronics,North,6, £338.47 ,11.00%,Card,4," £1,807.43 "," £2,030.82 ",On Time
10979,9/5/2024,1723,Clothing,North,6, £422.48 ,23.00%,Card,4," £1,951.86 "," £2,534.88 ",On Time
10980,9/6/2024,1460,Electronics,South,6, £364.09 ,23.00%,COD,2," £1,682.10 "," £2,184.54 ",On Time
10981,9/7/2024,1731,Clothing,West,4, £86.80 ,20.00%,COD,6, £277.76 , £347.20 ,Delayed
10982,9/8/2024,1751,Home,East,2, £578.42 ,4.00%,COD,6," £1,110.57 "," £1,156.84 ",Delayed
10983,9/9/2024,1924,Electronics,East,6, £86.88 ,17.00%,Wallet,1, £432.66 , £521.28 ,On Time
10984,9/10/2024,1908,Clothing,West,7, £164.11 ,12.00%,COD,8," £1,010.92 "," £1,148.77 ",Delayed
10985,9/11/2024,1557,Clothing,West,7, £490.97 ,17.00%,Wallet,3," £2,852.54 "," £3,436.79 ",On Time
10986,9/12/2024,1546,Electronics,West,5, £376.88 ,32.00%,Card,1," £1,281.39 "," £1,884.40 ",On Time
10987,9/13/2024,1252,Clothing,South,5, £505.32 ,17.00%,Card,10," £2,097.08 "," £2,526.60 ",Delayed
10988,9/14/2024,1389,Electronics,East,2, £316.71 ,0.00%,Card,1, £633.42 , £633.42 ,On Time
10989,9/15/2024,1593,Clothing,East,4, £235.54 ,15.00%,Card,1, £800.84 , £942.16 ,On Time
10990,9/16/2024,1882,Electronics,North,4, £554.28 ,29.00%,COD,5," £1,574.16 "," £2,217.12 ",On Time
10991,9/17/2024,1255,Clothing,North,1, £36.21 ,27.00%,COD,5, £26.43 , £36.21 ,On Time
10992,9/18/2024,1708,Electronics,West,1, £515.84 ,18.00%,COD,1, £422.99 , £515.84 ,On Time
10993,9/19/2024,1814,Home,North,6, £150.03 ,9.00%,COD,5, £819.16 , £900.18 ,On Time
10994,9/20/2024,1920,Electronics,South,3, £511.51 ,16.00%,Wallet,7," £1,289.01 "," £1,534.53 ",Delayed
10995,9/21/2024,1449,Clothing,East,7, £96.43 ,20.00%,Wallet,5, £540.01 , £675.01 ,On Time
10996,9/22/2024,1009,Clothing,East,1, £354.43 ,35.00%,Card,9, £230.38 , £354.43 ,Delayed
10997,9/23/2024,1823,Home,North,4, £534.54 ,23.00%,Card,4," £1,646.38 "," £2,138.16 ",On Time
10998,9/24/2024,1797,Clothing,West,7, £292.02 ,24.00%,Card,9," £1,553.55 "," £2,044.14 ",Delayed
10999,9/25/2024,1241,Home,North,3, £451.74 ,17.00%,Card,8," £1,124.83 "," £1,355.22 ",Delayed
11000,9/26/2024,1250,Home,West,1, £485.73 ,12.00%,COD,1, £427.44 , £485.73 ,On Time
11001,9/27/2024,1876,Beauty,South,2, £445.85 ,28.00%,COD,4, £642.02 , £891.70 ,On Time
11002,9/28/2024,1004,Electronics,East,5, £556.32 ,17.00%,Card,7," £2,308.73 "," £2,781.60 ",Delayed
11003,9/29/2024,1118,Clothing,South,1, £276.40 ,35.00%,COD,1, £179.66 , £276.40 ,On Time
11004,9/30/2024,1800,Home,East,1, £116.28 ,16.00%,COD,8, £97.68 , £116.28 ,Delayed
11005,10/1/2024,1373,Beauty,South,2, £42.97 ,2.00%,Card,11, £84.22 , £85.94 ,Delayed
11006,10/2/2024,1064,Beauty,North,4, £159.18 ,24.00%,Card,2, £483.91 , £636.72 ,On Time
11007,10/3/2024,1145,Clothing,South,6, £98.77 ,2.00%,Wallet,8, £580.77 , £592.62 ,Delayed
11008,10/4/2024,1223,Electronics,South,2, £341.40 ,9.00%,COD,11, £621.35 , £682.80 ,Delayed
11009,10/5/2024,1238,Clothing,North,6, £123.19 ,12.00%,Card,4, £650.44 , £739.14 ,On Time
11010,10/6/2024,1176,Home,East,1, £37.78 ,26.00%,Card,8, £27.96 , £37.78 ,Delayed
11011,10/7/2024,1778,Clothing,East,4, £36.05 ,17.00%,Card,1, £119.69 , £144.20 ,On Time
11012,10/8/2024,1852,Clothing,North,3, £501.47 ,1.00%,Card,5," £1,489.37 "," £1,504.41 ",On Time
11013,10/9/2024,1281,Home,South,1, £361.00 ,22.00%,Wallet,9, £281.58 , £361.00 ,Delayed
11014,10/10/2024,1062,Clothing,South,2, £224.48 ,14.00%,Card,7, £386.11 , £448.96 ,Delayed
11015,10/11/2024,1216,Beauty,South,3, £538.12 ,32.00%,Card,3," £1,097.76 "," £1,614.36 ",On Time
11016,10/12/2024,1853,Clothing,West,5, £56.07 ,17.00%,Card,4, £232.69 , £280.35 ,On Time
11017,10/13/2024,1826,Electronics,East,3, £588.49 ,25.00%,COD,10," £1,324.10 "," £1,765.47 ",Delayed
11018,10/14/2024,1794,Clothing,South,2, £375.53 ,8.00%,Card,7, £690.98 , £751.06 ,Delayed
11019,10/15/2024,1688,Home,East,7, £122.33 ,27.00%,Card,6, £625.11 , £856.31 ,Delayed
11020,10/16/2024,1460,Electronics,South,3, £412.26 ,25.00%,COD,4, £927.59 ," £1,236.78 ",On Time
11021,10/17/2024,1928,Electronics,North,2, £461.58 ,32.00%,Card,3, £627.75 , £923.16 ,On Time
11022,10/18/2024,1609,Beauty,North,7, £266.17 ,1.00%,Card,11," £1,844.56 "," £1,863.19 ",Delayed
11023,10/19/2024,1104,Electronics,East,1, £519.06 ,16.00%,Card,2, £436.01 , £519.06 ,On Time
11024,10/20/2024,1098,Clothing,East,7, £103.18 ,24.00%,COD,10, £548.92 , £722.26 ,Delayed
11025,10/21/2024,1510,Clothing,North,4, £178.12 ,3.00%,Wallet,9, £691.11 , £712.48 ,Delayed
11026,10/22/2024,1384,Clothing,West,5, £69.69 ,14.00%,Card,3, £299.67 , £348.45 ,On Time
11027,10/23/2024,1404,Clothing,North,7, £138.36 ,33.00%,Card,7, £648.91 , £968.52 ,Delayed
11028,10/24/2024,1822,Electronics,South,4, £154.66 ,15.00%,Card,1, £525.84 , £618.64 ,On Time
11029,10/25/2024,1517,Clothing,West,4, £551.82 ,34.00%,COD,8," £1,456.80 "," £2,207.28 ",Delayed
11030,10/26/2024,1475,Clothing,North,4, £60.69 ,2.00%,COD,1, £237.90 , £242.76 ,On Time
11031,10/27/2024,1976,Home,West,7, £265.04 ,25.00%,COD,2," £1,391.46 "," £1,855.28 ",On Time
11032,10/28/2024,1708,Electronics,West,2, £326.45 ,20.00%,COD,1, £522.32 , £652.90 ,On Time
11033,10/29/2024,1862,Clothing,West,2, £540.74 ,18.00%,Wallet,4, £886.81 ," £1,081.48 ",On Time
11034,10/30/2024,1644,Electronics,East,5, £598.65 ,34.00%,Wallet,2," £1,975.55 "," £2,993.25 ",On Time
11035,10/31/2024,1869,Electronics,North,2, £455.73 ,5.00%,COD,1, £865.89 , £911.46 ,On Time
11036,11/1/2024,1770,Electronics,East,6, £582.91 ,31.00%,COD,1," £2,413.25 "," £3,497.46 ",On Time
11037,11/2/2024,1436,Electronics,East,2, £475.45 ,24.00%,Card,2, £722.68 , £950.90 ,On Time
11038,11/3/2024,1022,Home,South,2, £578.47 ,9.00%,COD,6," £1,052.82 "," £1,156.94 ",Delayed
11039,11/4/2024,1996,Electronics,South,2, £428.75 ,32.00%,COD,2, £583.10 , £857.50 ,On Time
11040,11/5/2024,1564,Beauty,West,1, £61.66 ,15.00%,COD,11, £52.41 , £61.66 ,Delayed
11041,11/6/2024,1676,Beauty,West,5, £250.12 ,28.00%,Card,2, £900.43 ," £1,250.60 ",On Time
11042,11/7/2024,1713,Clothing,South,6, £393.26 ,14.00%,COD,8," £2,029.22 "," £2,359.56 ",Delayed
11043,11/8/2024,1457,Electronics,South,2, £220.17 ,30.00%,COD,5, £308.24 , £440.34 ,On Time
11044,11/9/2024,1082,Clothing,North,5, £174.93 ,22.00%,COD,8, £682.23 , £874.65 ,Delayed
11045,11/10/2024,1144,Home,West,3, £352.78 ,5.00%,Card,8," £1,005.42 "," £1,058.34 ",Delayed
11046,11/11/2024,1084,Clothing,West,1, £561.10 ,23.00%,Card,2, £432.05 , £561.10 ,On Time
11047,11/12/2024,1077,Electronics,South,7, £35.46 ,7.00%,Card,7, £230.84 , £248.22 ,Delayed
11048,11/13/2024,1456,Clothing,North,2, £465.00 ,14.00%,Wallet,9, £799.80 , £930.00 ,Delayed
11049,11/14/2024,1877,Home,South,6, £437.80 ,6.00%,COD,8," £2,469.19 "," £2,626.80 ",Delayed
11050,11/15/2024,1000,Home,South,1, £578.91 ,1.00%,Card,9, £573.12 , £578.91 ,Delayed
11051,11/16/2024,1050,Electronics,East,6, £559.47 ,7.00%,Card,8," £3,121.84 "," £3,356.82 ",Delayed
11052,11/17/2024,1684,Home,West,7, £460.91 ,19.00%,COD,4," £2,613.36 "," £3,226.37 ",On Time
11053,11/18/2024,1716,Electronics,North,7, £319.44 ,17.00%,Card,10," £1,855.95 "," £2,236.08 ",Delayed
11054,11/19/2024,1771,Electronics,East,1, £134.50 ,18.00%,Wallet,7, £110.29 , £134.50 ,Delayed
11055,11/20/2024,1445,Beauty,West,3, £333.96 ,9.00%,COD,9, £911.71 ," £1,001.88 ",Delayed
11056,11/21/2024,1448,Electronics,South,5, £462.73 ,24.00%,Card,9," £1,758.37 "," £2,313.65 ",Delayed
11057,11/22/2024,1880,Electronics,North,1, £538.97 ,25.00%,COD,4, £404.23 , £538.97 ,On Time
11058,11/23/2024,1487,Electronics,West,4, £476.98 ,13.00%,Card,7," £1,659.89 "," £1,907.92 ",Delayed
11059,11/24/2024,1799,Beauty,South,7, £129.23 ,31.00%,Wallet,6, £624.18 , £904.61 ,Delayed
11060,11/25/2024,1033,Home,East,3, £365.82 ,23.00%,Card,3, £845.04 ," £1,097.46 ",On Time
11061,11/26/2024,1347,Clothing,North,7, £209.32 ,25.00%,Wallet,10," £1,098.93 "," £1,465.24 ",Delayed
11062,11/27/2024,1094,Home,West,4, £20.39 ,10.00%,COD,6, £73.40 , £81.56 ,Delayed
11063,11/28/2024,1071,Electronics,East,3, £132.13 ,0.00%,Wallet,8, £396.39 , £396.39 ,Delayed
11064,11/29/2024,1550,Clothing,South,7, £81.23 ,30.00%,Card,2, £398.03 , £568.61 ,On Time
11065,11/30/2024,1153,Clothing,South,4, £507.99 ,29.00%,Card,3," £1,442.69 "," £2,031.96 ",On Time
11066,12/1/2024,1249,Electronics,West,4, £166.23 ,4.00%,COD,8, £638.32 , £664.92 ,Delayed
11067,12/2/2024,1673,Clothing,South,7, £181.55 ,13.00%,COD,4," £1,105.64 "," £1,270.85 ",On Time
11068,12/3/2024,1437,Beauty,North,7, £576.56 ,23.00%,Card,4," £3,107.66 "," £4,035.92 ",On Time
11069,12/4/2024,1117,Electronics,West,6, £236.77 ,23.00%,Card,2," £1,093.88 "," £1,420.62 ",On Time
11070,12/5/2024,1770,Electronics,East,1, £20.61 ,30.00%,Card,11, £14.43 , £20.61 ,Delayed
11071,12/6/2024,1890,Electronics,West,1, £181.05 ,5.00%,COD,10, £172.00 , £181.05 ,Delayed
11072,12/7/2024,1305,Electronics,West,3, £84.79 ,15.00%,Card,1, £216.21 , £254.37 ,On Time
11073,12/8/2024,1267,Beauty,East,5, £75.14 ,3.00%,Card,7, £364.43 , £375.70 ,Delayed
11074,12/9/2024,1960,Clothing,South,7, £60.33 ,14.00%,Card,4, £363.19 , £422.31 ,On Time
11075,12/10/2024,1053,Clothing,East,6, £362.06 ,1.00%,Card,6," £2,150.64 "," £2,172.36 ",Delayed
11076,12/11/2024,1235,Home,North,1, £125.77 ,31.00%,Card,8, £86.78 , £125.77 ,Delayed
11077,12/12/2024,1388,Electronics,South,1, £226.33 ,18.00%,Wallet,11, £185.59 , £226.33 ,Delayed
11078,12/13/2024,1989,Clothing,West,6, £519.28 ,30.00%,Card,7," £2,180.98 "," £3,115.68 ",Delayed
11079,12/14/2024,1733,Clothing,South,2, £263.24 ,2.00%,Wallet,7, £515.95 , £526.48 ,Delayed
11080,12/15/2024,1762,Clothing,South,6, £550.68 ,8.00%,Card,6," £3,039.75 "," £3,304.08 ",Delayed
11081,12/16/2024,1824,Beauty,North,1, £306.29 ,9.00%,Card,11, £278.72 , £306.29 ,Delayed
11082,12/17/2024,1400,Home,South,5, £248.32 ,14.00%,Card,4," £1,067.78 "," £1,241.60 ",On Time
11083,12/18/2024,1623,Clothing,South,2, £453.98 ,28.00%,COD,4, £653.73 , £907.96 ,On Time
11084,12/19/2024,1766,Home,South,4, £57.81 ,14.00%,COD,9, £198.87 , £231.24 ,Delayed
11085,12/20/2024,1302,Electronics,West,6, £67.34 ,7.00%,COD,11, £375.76 , £404.04 ,Delayed
11086,12/21/2024,1918,Electronics,South,4, £396.40 ,2.00%,Card,5," £1,553.89 "," £1,585.60 ",On Time
11087,12/22/2024,1206,Electronics,East,2, £299.86 ,3.00%,Wallet,9, £581.73 , £599.72 ,Delayed
11088,12/23/2024,1228,Electronics,South,2, £477.39 ,27.00%,Wallet,11, £696.99 , £954.78 ,Delayed
11089,12/24/2024,1852,Clothing,North,2, £551.02 ,16.00%,Card,9, £925.71 ," £1,102.04 ",Delayed
11090,12/25/2024,1909,Clothing,South,3, £242.19 ,25.00%,COD,4, £544.93 , £726.57 ,On Time
11091,12/26/2024,1577,Beauty,South,6, £363.90 ,24.00%,COD,2," £1,659.38 "," £2,183.40 ",On Time
11092,12/27/2024,1074,Clothing,West,7, £307.91 ,5.00%,Card,2," £2,047.60 "," £2,155.37 ",On Time
11093,12/28/2024,1434,Clothing,East,5, £589.24 ,5.00%,Card,9," £2,798.89 "," £2,946.20 ",Delayed
11094,12/29/2024,1102,Electronics,South,5, £501.18 ,26.00%,COD,9," £1,854.37 "," £2,505.90 ",Delayed
11095,12/30/2024,1421,Electronics,East,4, £548.37 ,25.00%,Wallet,3," £1,645.11 "," £2,193.48 ",On Time
11096,12/31/2024,1703,Clothing,North,4, £163.79 ,13.00%,Card,5, £569.99 , £655.16 ,On Time
11097,1/1/2025,1763,Clothing,West,7, £466.93 ,3.00%,COD,5," £3,170.45 "," £3,268.51 ",On Time
11098,1/2/2025,1737,Home,East,4, £170.30 ,0.00%,Wallet,2, £681.20 , £681.20 ,On Time
11099,1/3/2025,1805,Electronics,West,6, £137.11 ,10.00%,Card,2, £740.39 , £822.66 ,On Time
11100,1/4/2025,1305,Electronics,South,1, £567.40 ,0.00%,Card,10, £567.40 , £567.40 ,Delayed
11101,1/5/2025,1097,Clothing,North,4, £26.29 ,8.00%,COD,1, £96.75 , £105.16 ,On Time
11102,1/6/2025,1849,Electronics,West,2, £579.75 ,15.00%,Card,2, £985.58 ," £1,159.50 ",On Time
11103,1/7/2025,1797,Electronics,South,4, £102.32 ,4.00%,Card,11, £392.91 , £409.28 ,Delayed
11104,1/8/2025,1334,Home,East,2, £494.37 ,4.00%,Card,7, £949.19 , £988.74 ,Delayed
11105,1/9/2025,1858,Electronics,North,3, £176.41 ,31.00%,Card,1, £365.17 , £529.23 ,On Time
11106,1/10/2025,1434,Clothing,North,1, £220.16 ,20.00%,Wallet,1, £176.13 , £220.16 ,On Time
11107,1/11/2025,1446,Electronics,East,1, £141.80 ,33.00%,COD,9, £95.01 , £141.80 ,Delayed
11108,1/12/2025,1993,Electronics,East,7, £357.53 ,12.00%,Card,2," £2,202.38 "," £2,502.71 ",On Time
11109,1/13/2025,1307,Clothing,North,6, £218.64 ,24.00%,COD,11, £997.00 ," £1,311.84 ",Delayed
11110,1/14/2025,1248,Home,West,6, £399.57 ,7.00%,Wallet,4," £2,229.60 "," £2,397.42 ",On Time
11111,1/15/2025,1165,Clothing,North,5, £24.15 ,22.00%,Card,11, £94.19 , £120.75 ,Delayed
11112,1/16/2025,1480,Home,East,3, £52.66 ,5.00%,Card,3, £150.08 , £157.98 ,On Time
11113,1/17/2025,1983,Electronics,West,7, £73.30 ,0.00%,Wallet,11, £513.10 , £513.10 ,Delayed
11114,1/18/2025,1334,Home,South,6, £260.11 ,33.00%,Wallet,4," £1,045.64 "," £1,560.66 ",On Time
11115,1/19/2025,1541,Electronics,North,2, £491.66 ,19.00%,Card,11, £796.49 , £983.32 ,Delayed
11116,1/20/2025,1758,Home,East,3, £534.58 ,32.00%,Card,11," £1,090.54 "," £1,603.74 ",Delayed
11117,1/21/2025,1105,Clothing,South,1, £158.21 ,12.00%,Card,7, £139.22 , £158.21 ,Delayed
11118,1/22/2025,1562,Beauty,North,2, £351.01 ,11.00%,Card,10, £624.80 , £702.02 ,Delayed
11119,1/23/2025,1080,Clothing,North,7, £464.49 ,14.00%,COD,2," £2,796.23 "," £3,251.43 ",On Time
11120,1/24/2025,1132,Electronics,West,7, £183.97 ,25.00%,Card,2, £965.84 ," £1,287.79 ",On Time
11121,1/25/2025,1796,Electronics,East,3, £254.27 ,20.00%,Card,9, £610.25 , £762.81 ,Delayed
11122,1/26/2025,1899,Home,South,1, £321.52 ,32.00%,COD,6, £218.63 , £321.52 ,Delayed
11123,1/27/2025,1137,Clothing,North,6, £93.90 ,1.00%,Wallet,11, £557.77 , £563.40 ,Delayed
11124,1/28/2025,1183,Home,West,2, £30.20 ,25.00%,Card,7, £45.30 , £60.40 ,Delayed
11125,1/29/2025,1400,Electronics,South,2, £104.39 ,12.00%,Card,5, £183.73 , £208.78 ,On Time
11126,1/30/2025,1329,Electronics,South,1, £381.71 ,6.00%,Wallet,5, £358.81 , £381.71 ,On Time
11127,1/31/2025,1784,Electronics,North,2, £58.07 ,18.00%,COD,4, £95.23 , £116.14 ,On Time
11128,2/1/2025,1507,Beauty,South,6, £125.97 ,18.00%,Card,8, £619.77 , £755.82 ,Delayed
11129,2/2/2025,1851,Home,North,6, £212.64 ,5.00%,Card,7," £1,212.05 "," £1,275.84 ",Delayed
11130,2/3/2025,1983,Beauty,West,6, £60.55 ,7.00%,Card,10, £337.87 , £363.30 ,Delayed
11131,2/4/2025,1068,Electronics,West,1, £127.14 ,14.00%,COD,2, £109.34 , £127.14 ,On Time
11132,2/5/2025,1545,Clothing,South,4, £548.09 ,14.00%,Card,2," £1,885.43 "," £2,192.36 ",On Time
11133,2/6/2025,1773,Home,North,4, £26.29 ,11.00%,Card,6, £93.59 , £105.16 ,Delayed
11134,2/7/2025,1052,Electronics,East,7, £397.26 ,5.00%,Card,11," £2,641.78 "," £2,780.82 ",Delayed
11135,2/8/2025,1449,Home,West,7, £239.88 ,0.00%,Card,1," £1,679.16 "," £1,679.16 ",On Time
11136,2/9/2025,1204,Beauty,North,2, £408.50 ,34.00%,COD,7, £539.22 , £817.00 ,Delayed
11137,2/10/2025,1125,Beauty,North,6, £359.38 ,33.00%,Card,8," £1,444.71 "," £2,156.28 ",Delayed
11138,2/11/2025,1746,Home,North,2, £145.75 ,17.00%,Card,10, £241.95 , £291.50 ,Delayed
11139,2/12/2025,1042,Electronics,South,1, £510.62 ,35.00%,Wallet,8, £331.90 , £510.62 ,Delayed
11140,2/13/2025,1751,Electronics,East,2, £302.79 ,24.00%,COD,3, £460.24 , £605.58 ,On Time
11141,2/14/2025,1970,Beauty,South,5, £496.18 ,2.00%,Card,7," £2,431.28 "," £2,480.90 ",Delayed
11142,2/15/2025,1882,Electronics,West,4, £252.52 ,4.00%,COD,1, £969.68 ," £1,010.08 ",On Time
11143,2/16/2025,1110,Home,South,2, £591.04 ,32.00%,Card,11, £803.81 ," £1,182.08 ",Delayed
11144,2/17/2025,1760,Home,North,2, £465.74 ,22.00%,COD,3, £726.55 , £931.48 ,On Time
11145,2/18/2025,1662,Clothing,South,3, £580.08 ,30.00%,COD,6," £1,218.17 "," £1,740.24 ",Delayed
11146,2/19/2025,1182,Beauty,North,2, £315.88 ,31.00%,COD,9, £435.91 , £631.76 ,Delayed
11147,2/20/2025,1847,Electronics,East,5, £292.11 ,16.00%,COD,5," £1,226.86 "," £1,460.55 ",On Time
11148,2/21/2025,1094,Electronics,South,4, £456.94 ,2.00%,Card,5," £1,791.20 "," £1,827.76 ",On Time
11149,2/22/2025,1970,Electronics,South,3, £529.97 ,7.00%,COD,9," £1,478.62 "," £1,589.91 ",Delayed
11150,2/23/2025,1373,Clothing,South,1, £579.03 ,2.00%,Card,9, £567.45 , £579.03 ,Delayed
11151,2/24/2025,1911,Electronics,North,7, £204.86 ,7.00%,Card,6," £1,333.64 "," £1,434.02 ",Delayed
11152,2/25/2025,1519,Electronics,North,1, £482.24 ,14.00%,Wallet,5, £414.73 , £482.24 ,On Time
11153,2/26/2025,1899,Home,South,4, £138.23 ,4.00%,COD,10, £530.80 , £552.92 ,Delayed
11154,2/27/2025,1359,Beauty,South,7, £334.16 ,6.00%,Wallet,2," £2,198.77 "," £2,339.12 ",On Time
11155,2/28/2025,1899,Electronics,East,1, £120.21 ,16.00%,Card,11, £100.98 , £120.21 ,Delayed
11156,3/1/2025,1695,Clothing,East,5, £218.23 ,12.00%,COD,8, £960.21 ," £1,091.15 ",Delayed
11157,3/2/2025,1280,Beauty,West,2, £559.84 ,16.00%,Card,8, £940.53 ," £1,119.68 ",Delayed
11158,3/3/2025,1194,Electronics,East,4, £100.46 ,15.00%,COD,7, £341.56 , £401.84 ,Delayed
11159,3/4/2025,1863,Electronics,East,7, £384.95 ,23.00%,Card,8," £2,074.88 "," £2,694.65 ",Delayed
11160,3/5/2025,1194,Electronics,East,3, £361.88 ,33.00%,Card,3, £727.38 ," £1,085.64 ",On Time
11161,3/6/2025,1666,Clothing,North,2, £85.63 ,4.00%,Card,3, £164.41 , £171.26 ,On Time
11162,3/7/2025,1092,Electronics,East,1, £205.70 ,3.00%,COD,2, £199.53 , £205.70 ,On Time
11163,3/8/2025,1671,Beauty,East,1, £344.34 ,30.00%,Card,1, £241.04 , £344.34 ,On Time
11164,3/9/2025,1945,Clothing,South,3, £124.50 ,18.00%,Wallet,3, £306.27 , £373.50 ,On Time
11165,3/10/2025,1060,Clothing,North,5, £483.36 ,27.00%,Card,3," £1,764.26 "," £2,416.80 ",On Time
11166,3/11/2025,1633,Electronics,West,3, £583.71 ,8.00%,Card,7," £1,611.04 "," £1,751.13 ",Delayed
11167,3/12/2025,1050,Clothing,West,4, £140.63 ,29.00%,Card,10, £399.39 , £562.52 ,Delayed
11168,3/13/2025,1402,Home,East,3, £124.34 ,32.00%,Wallet,9, £253.65 , £373.02 ,Delayed
11169,3/14/2025,1788,Home,West,1, £281.14 ,22.00%,Card,1, £219.29 , £281.14 ,On Time
11170,3/15/2025,1004,Home,West,5, £452.44 ,4.00%,Card,8," £2,171.71 "," £2,262.20 ",Delayed
11171,3/16/2025,1465,Clothing,West,5, £179.74 ,31.00%,COD,1, £620.10 , £898.70 ,On Time
11172,3/17/2025,1603,Beauty,East,6, £26.63 ,28.00%,Card,3, £115.04 , £159.78 ,On Time
11173,3/18/2025,1681,Home,West,3, £331.61 ,26.00%,COD,4, £736.17 , £994.83 ,On Time
11174,3/19/2025,1828,Home,East,4, £574.61 ,1.00%,Card,11," £2,275.46 "," £2,298.44 ",Delayed
11175,3/20/2025,1533,Electronics,South,1, £243.90 ,28.00%,COD,8, £175.61 , £243.90 ,Delayed
11176,3/21/2025,1404,Electronics,South,2, £260.78 ,5.00%,Card,1, £495.48 , £521.56 ,On Time
11177,3/22/2025,1837,Electronics,West,5, £581.81 ,8.00%,COD,2," £2,676.33 "," £2,909.05 ",On Time
11178,3/23/2025,1512,Home,South,3, £421.35 ,20.00%,COD,11," £1,011.24 "," £1,264.05 ",Delayed
11179,3/24/2025,1644,Clothing,East,6, £435.72 ,9.00%,COD,5," £2,379.03 "," £2,614.32 ",On Time
11180,3/25/2025,1232,Clothing,South,4, £344.18 ,23.00%,COD,6," £1,060.07 "," £1,376.72 ",Delayed
11181,3/26/2025,1523,Beauty,West,4, £585.15 ,21.00%,Wallet,5," £1,849.07 "," £2,340.60 ",On Time
11182,3/27/2025,1345,Beauty,East,7, £417.99 ,4.00%,Card,3," £2,808.89 "," £2,925.93 ",On Time
11183,3/28/2025,1045,Beauty,North,1, £538.59 ,23.00%,Card,10, £414.71 , £538.59 ,Delayed
11184,3/29/2025,1545,Electronics,East,5, £424.14 ,32.00%,COD,7," £1,442.08 "," £2,120.70 ",Delayed
11185,3/30/2025,1944,Home,South,1, £445.04 ,6.00%,COD,1, £418.34 , £445.04 ,On Time
11186,3/31/2025,1077,Electronics,North,6, £184.89 ,21.00%,Card,2, £876.38 ," £1,109.34 ",On Time
11187,4/1/2025,1729,Electronics,East,2, £192.54 ,12.00%,COD,11, £338.87 , £385.08 ,Delayed
11188,4/2/2025,1812,Electronics,North,2, £473.05 ,16.00%,Card,9, £794.72 , £946.10 ,Delayed
11189,4/3/2025,1922,Electronics,North,2, £188.57 ,10.00%,COD,4, £339.43 , £377.14 ,On Time
11190,4/4/2025,1072,Clothing,North,4, £344.22 ,12.00%,Wallet,8," £1,211.65 "," £1,376.88 ",Delayed
11191,4/5/2025,1793,Home,East,5, £160.87 ,1.00%,COD,9, £796.31 , £804.35 ,Delayed
11192,4/6/2025,1248,Electronics,South,1, £492.94 ,34.00%,Card,7, £325.34 , £492.94 ,Delayed
11193,4/7/2025,1046,Home,East,1, £79.64 ,22.00%,COD,1, £62.12 , £79.64 ,On Time
11194,4/8/2025,1120,Clothing,South,6, £500.23 ,18.00%,COD,5," £2,461.13 "," £3,001.38 ",On Time
11195,4/9/2025,1213,Electronics,East,2, £367.60 ,13.00%,Card,6, £639.62 , £735.20 ,Delayed
11196,4/10/2025,1238,Clothing,East,5, £124.34 ,19.00%,COD,11, £503.58 , £621.70 ,Delayed
11197,4/11/2025,1055,Electronics,East,5, £332.09 ,13.00%,Wallet,8," £1,444.59 "," £1,660.45 ",Delayed
11198,4/12/2025,1349,Clothing,South,6, £180.26 ,13.00%,Card,10, £940.96 ," £1,081.56 ",Delayed
11199,4/13/2025,1106,Clothing,East,3, £204.23 ,16.00%,Card,8, £514.66 , £612.69 ,Delayed
11200,4/14/2025,1830,Electronics,North,5, £220.64 ,10.00%,Card,9, £992.88 ," £1,103.20 ",Delayed
11201,4/15/2025,1047,Electronics,East,5, £52.04 ,6.00%,COD,9, £244.59 , £260.20 ,Delayed
11202,4/16/2025,1572,Clothing,North,1, £591.79 ,19.00%,Wallet,4, £479.35 , £591.79 ,On Time
11203,4/17/2025,1336,Beauty,West,6, £33.45 ,29.00%,COD,6, £142.50 , £200.70 ,Delayed
11204,4/18/2025,1025,Electronics,West,5, £402.56 ,5.00%,Card,3," £1,912.16 "," £2,012.80 ",On Time
11205,4/19/2025,1803,Home,South,5, £232.17 ,1.00%,COD,1," £1,149.24 "," £1,160.85 ",On Time
11206,4/20/2025,1256,Home,South,1, £392.92 ,9.00%,COD,6, £357.56 , £392.92 ,Delayed
11207,4/21/2025,1007,Beauty,West,5, £223.41 ,34.00%,COD,1, £737.25 ," £1,117.05 ",On Time
11208,4/22/2025,1624,Home,East,1, £409.14 ,29.00%,Card,9, £290.49 , £409.14 ,Delayed
11209,4/23/2025,1866,Clothing,East,3, £441.60 ,21.00%,COD,11," £1,046.59 "," £1,324.80 ",Delayed
11210,4/24/2025,1252,Home,East,4, £418.97 ,33.00%,Card,6," £1,122.84 "," £1,675.88 ",Delayed
11211,4/25/2025,1691,Beauty,West,7, £81.67 ,16.00%,Card,1, £480.22 , £571.69 ,On Time
11212,4/26/2025,1718,Clothing,North,1, £399.28 ,34.00%,COD,11, £263.52 , £399.28 ,Delayed
11213,4/27/2025,1302,Electronics,South,1, £178.79 ,10.00%,Wallet,3, £160.91 , £178.79 ,On Time
11214,4/28/2025,1638,Electronics,North,5, £31.85 ,8.00%,Card,1, £146.51 , £159.25 ,On Time
11215,4/29/2025,1055,Home,West,1, £257.68 ,22.00%,Wallet,2, £200.99 , £257.68 ,On Time
11216,4/30/2025,1725,Home,North,6, £268.62 ,13.00%,Card,6," £1,402.20 "," £1,611.72 ",Delayed
11217,5/1/2025,1525,Electronics,East,2, £288.30 ,22.00%,COD,7, £449.75 , £576.60 ,Delayed
11218,5/2/2025,1473,Clothing,East,2, £427.32 ,11.00%,Card,1, £760.63 , £854.64 ,On Time
11219,5/3/2025,1027,Clothing,North,3, £195.67 ,22.00%,Card,10, £457.87 , £587.01 ,Delayed
11220,5/4/2025,1982,Electronics,West,1, £199.44 ,10.00%,COD,5, £179.50 , £199.44 ,On Time
11221,5/5/2025,1077,Beauty,North,6, £50.42 ,2.00%,COD,6, £296.47 , £302.52 ,Delayed
11222,5/6/2025,1215,Electronics,East,5, £416.79 ,32.00%,COD,4," £1,417.09 "," £2,083.95 ",On Time
11223,5/7/2025,1385,Electronics,East,5, £347.18 ,31.00%,COD,6," £1,197.77 "," £1,735.90 ",Delayed
11224,5/8/2025,1364,Clothing,West,7, £219.41 ,34.00%,COD,5," £1,013.67 "," £1,535.87 ",On Time
11225,5/9/2025,1665,Home,North,4, £427.54 ,25.00%,Wallet,11," £1,282.62 "," £1,710.16 ",Delayed
11226,5/10/2025,1525,Electronics,East,3, £329.35 ,24.00%,COD,7, £750.92 , £988.05 ,Delayed
11227,5/11/2025,1698,Home,East,6, £289.51 ,20.00%,Card,4," £1,389.65 "," £1,737.06 ",On Time
11228,5/12/2025,1311,Clothing,North,6, £314.12 ,4.00%,Card,1," £1,809.33 "," £1,884.72 ",On Time
11229,5/13/2025,1882,Electronics,North,7, £387.26 ,7.00%,Card,2," £2,521.06 "," £2,710.82 ",On Time
11230,5/14/2025,1006,Electronics,South,7, £401.10 ,10.00%,COD,6," £2,526.93 "," £2,807.70 ",Delayed
11231,5/15/2025,1002,Clothing,West,5, £184.04 ,31.00%,Card,10, £634.94 , £920.20 ,Delayed
11232,5/16/2025,1622,Electronics,West,4, £97.33 ,6.00%,Card,11, £365.96 , £389.32 ,Delayed
11233,5/17/2025,1918,Beauty,North,5, £106.63 ,32.00%,Card,2, £362.54 , £533.15 ,On Time
11234,5/18/2025,1749,Home,West,4, £389.04 ,18.00%,COD,5," £1,276.05 "," £1,556.16 ",On Time
11235,5/19/2025,1362,Beauty,East,2, £525.63 ,25.00%,Card,4, £788.45 ," £1,051.26 ",On Time
11236,5/20/2025,1750,Electronics,North,6, £254.56 ,4.00%,Card,7," £1,466.27 "," £1,527.36 ",Delayed
11237,5/21/2025,1507,Beauty,North,7, £114.17 ,9.00%,COD,4, £727.26 , £799.19 ,On Time
11238,5/22/2025,1273,Clothing,North,2, £457.61 ,34.00%,COD,7, £604.05 , £915.22 ,Delayed
11239,5/23/2025,1505,Electronics,South,5, £502.01 ,9.00%,Card,11," £2,284.15 "," £2,510.05 ",Delayed
11240,5/24/2025,1805,Electronics,West,3, £530.14 ,10.00%,COD,8," £1,431.38 "," £1,590.42 ",Delayed
11241,5/25/2025,1738,Electronics,South,1, £370.00 ,7.00%,Card,7, £344.10 , £370.00 ,Delayed
11242,5/26/2025,1882,Home,East,3, £518.53 ,5.00%,Wallet,2," £1,477.81 "," £1,555.59 ",On Time
11243,5/27/2025,1014,Clothing,West,3, £24.02 ,8.00%,Card,11, £66.30 , £72.06 ,Delayed
11244,5/28/2025,1191,Electronics,South,1, £77.73 ,22.00%,Wallet,1, £60.63 , £77.73 ,On Time
11245,5/29/2025,1984,Clothing,North,6, £69.16 ,16.00%,Wallet,5, £348.57 , £414.96 ,On Time
11246,5/30/2025,1630,Electronics,South,2, £431.87 ,19.00%,COD,7, £699.63 , £863.74 ,Delayed
11247,5/31/2025,1484,Clothing,North,2, £55.71 ,4.00%,Card,1, £106.96 , £111.42 ,On Time
11248,6/1/2025,1027,Clothing,South,6, £305.37 ,28.00%,COD,11," £1,319.20 "," £1,832.22 ",Delayed
11249,6/2/2025,1713,Home,South,1, £291.53 ,27.00%,Card,8, £212.82 , £291.53 ,Delayed
11250,6/3/2025,1038,Home,South,4, £196.76 ,1.00%,Wallet,3, £779.17 , £787.04 ,On Time
11251,6/4/2025,1952,Clothing,North,3, £524.19 ,13.00%,COD,7," £1,368.14 "," £1,572.57 ",Delayed
11252,6/5/2025,1272,Clothing,South,5, £114.70 ,2.00%,Wallet,3, £562.03 , £573.50 ,On Time
11253,6/6/2025,1230,Clothing,West,2, £221.19 ,28.00%,COD,4, £318.51 , £442.38 ,On Time
11254,6/7/2025,1085,Home,West,6, £467.89 ,26.00%,COD,8," £2,077.43 "," £2,807.34 ",Delayed
11255,6/8/2025,1473,Electronics,West,5, £32.80 ,32.00%,COD,2, £111.52 , £164.00 ,On Time
11256,6/9/2025,1125,Electronics,North,7, £408.68 ,8.00%,Card,6," £2,631.90 "," £2,860.76 ",Delayed
11257,6/10/2025,1811,Electronics,North,1, £492.59 ,16.00%,COD,10, £413.78 , £492.59 ,Delayed
11258,6/11/2025,1536,Clothing,West,5, £560.38 ,6.00%,COD,9," £2,633.79 "," £2,801.90 ",Delayed
11259,6/12/2025,1144,Clothing,West,5, £527.63 ,13.00%,Wallet,10," £2,295.19 "," £2,638.15 ",Delayed
11260,6/13/2025,1524,Home,West,3, £201.84 ,18.00%,COD,9, £496.53 , £605.52 ,Delayed
11261,6/14/2025,1211,Electronics,East,1, £358.02 ,2.00%,Wallet,5, £350.86 , £358.02 ,On Time
11262,6/15/2025,1024,Clothing,West,5, £60.22 ,25.00%,Wallet,3, £225.83 , £301.10 ,On Time
11263,6/16/2025,1579,Home,South,2, £165.85 ,19.00%,COD,6, £268.68 , £331.70 ,Delayed
11264,6/17/2025,1393,Home,East,1, £70.12 ,29.00%,Card,9, £49.79 , £70.12 ,Delayed
11265,6/18/2025,1066,Clothing,East,2, £199.38 ,10.00%,COD,6, £358.88 , £398.76 ,Delayed
11266,6/19/2025,1232,Clothing,North,6, £526.98 ,32.00%,Card,4," £2,150.08 "," £3,161.88 ",On Time
11267,6/20/2025,1108,Electronics,South,6, £218.09 ,35.00%,Card,11, £850.55 ," £1,308.54 ",Delayed
11268,6/21/2025,1145,Beauty,North,7, £343.71 ,32.00%,Card,5," £1,636.06 "," £2,405.97 ",On Time
11269,6/22/2025,1110,Electronics,North,4, £268.53 ,27.00%,Wallet,7, £784.11 ," £1,074.12 ",Delayed
11270,6/23/2025,1227,Beauty,South,6, £283.47 ,28.00%,Card,10," £1,224.59 "," £1,700.82 ",Delayed
11271,6/24/2025,1110,Home,North,5, £582.20 ,20.00%,COD,3," £2,328.80 "," £2,911.00 ",On Time
11272,6/25/2025,1469,Clothing,South,1, £188.25 ,7.00%,Wallet,9, £175.07 , £188.25 ,Delayed
11273,6/26/2025,1033,Electronics,South,6, £381.98 ,24.00%,COD,1," £1,741.83 "," £2,291.88 ",On Time
11274,6/27/2025,1622,Clothing,North,2, £260.74 ,25.00%,COD,8, £391.11 , £521.48 ,Delayed
11275,6/28/2025,1775,Clothing,West,5, £50.77 ,34.00%,COD,5, £167.54 , £253.85 ,On Time
11276,6/29/2025,1935,Electronics,North,6, £301.26 ,19.00%,Card,10," £1,464.12 "," £1,807.56 ",Delayed
11277,6/30/2025,1368,Home,East,3, £490.81 ,9.00%,Card,9," £1,339.91 "," £1,472.43 ",Delayed
11278,7/1/2025,1747,Beauty,North,2, £72.77 ,24.00%,Wallet,2, £110.61 , £145.54 ,On Time
11279,7/2/2025,1594,Clothing,South,7, £55.71 ,34.00%,Card,1, £257.38 , £389.97 ,On Time
11280,7/3/2025,1553,Home,East,7, £104.87 ,6.00%,COD,10, £690.04 , £734.09 ,Delayed
11281,7/4/2025,1424,Electronics,South,7, £462.17 ,11.00%,COD,7," £2,879.32 "," £3,235.19 ",Delayed
11282,7/5/2025,1612,Clothing,West,2, £438.54 ,19.00%,Card,10, £710.43 , £877.08 ,Delayed
11283,7/6/2025,1517,Electronics,West,7, £345.54 ,6.00%,Wallet,11," £2,273.65 "," £2,418.78 ",Delayed
11284,7/7/2025,1691,Clothing,East,4, £288.91 ,1.00%,COD,9," £1,144.08 "," £1,155.64 ",Delayed
11285,7/8/2025,1281,Beauty,West,3, £534.67 ,12.00%,Card,5," £1,411.53 "," £1,604.01 ",On Time
11286,7/9/2025,1319,Home,West,4, £463.52 ,30.00%,Wallet,11," £1,297.86 "," £1,854.08 ",Delayed
11287,7/10/2025,1737,Electronics,North,6, £489.99 ,2.00%,COD,4," £2,881.14 "," £2,939.94 ",On Time
11288,7/11/2025,1442,Clothing,North,3, £490.76 ,15.00%,COD,4," £1,251.44 "," £1,472.28 ",On Time
11289,7/12/2025,1951,Clothing,West,2, £390.99 ,27.00%,COD,8, £570.85 , £781.98 ,Delayed
11290,7/13/2025,1314,Clothing,West,4, £282.94 ,33.00%,Card,1, £758.28 ," £1,131.76 ",On Time
11291,7/14/2025,1876,Home,North,5, £520.84 ,34.00%,COD,1," £1,718.77 "," £2,604.20 ",On Time
11292,7/15/2025,1965,Home,West,3, £556.71 ,15.00%,Card,8," £1,419.61 "," £1,670.13 ",Delayed
11293,7/16/2025,1740,Clothing,West,2, £28.93 ,33.00%,COD,2, £38.77 , £57.86 ,On Time
11294,7/17/2025,1376,Clothing,South,1, £45.16 ,1.00%,COD,10, £44.71 , £45.16 ,Delayed
11295,7/18/2025,1288,Electronics,West,3, £575.86 ,26.00%,Wallet,6," £1,278.41 "," £1,727.58 ",Delayed
11296,7/19/2025,1436,Electronics,East,3, £177.14 ,22.00%,COD,2, £414.51 , £531.42 ,On Time
11297,7/20/2025,1661,Clothing,South,6, £525.92 ,9.00%,Card,5," £2,871.52 "," £3,155.52 ",On Time
11298,7/21/2025,1276,Clothing,East,5, £242.45 ,18.00%,Wallet,3, £994.05 ," £1,212.25 ",On Time
11299,7/22/2025,1709,Home,West,6, £84.67 ,5.00%,COD,7, £482.62 , £508.02 ,Delayed
11300,7/23/2025,1581,Home,North,7, £62.06 ,31.00%,COD,9, £299.75 , £434.42 ,Delayed
11301,7/24/2025,1502,Electronics,South,3, £106.56 ,13.00%,Card,2, £278.12 , £319.68 ,On Time
11302,7/25/2025,1623,Clothing,North,3, £161.19 ,22.00%,Wallet,7, £377.18 , £483.57 ,Delayed
11303,7/26/2025,1515,Electronics,South,7, £300.78 ,6.00%,Wallet,8," £1,979.13 "," £2,105.46 ",Delayed
11304,7/27/2025,1349,Electronics,North,5, £425.38 ,7.00%,COD,10," £1,978.02 "," £2,126.90 ",Delayed
11305,7/28/2025,1842,Home,South,5, £592.04 ,35.00%,Wallet,8," £1,924.13 "," £2,960.20 ",Delayed
11306,7/29/2025,1445,Electronics,South,4, £273.28 ,26.00%,Card,7, £808.91 ," £1,093.12 ",Delayed
11307,7/30/2025,1829,Clothing,East,2, £318.14 ,34.00%,Wallet,4, £419.94 , £636.28 ,On Time
11308,7/31/2025,1349,Electronics,North,2, £320.26 ,10.00%,COD,4, £576.47 , £640.52 ,On Time
11309,8/1/2025,1606,Beauty,East,4, £330.57 ,6.00%,Card,10," £1,242.94 "," £1,322.28 ",Delayed
11310,8/2/2025,1663,Clothing,East,2, £317.88 ,18.00%,COD,9, £521.32 , £635.76 ,Delayed
11311,8/3/2025,1822,Electronics,North,3, £20.13 ,17.00%,COD,10, £50.12 , £60.39 ,Delayed
11312,8/4/2025,1136,Clothing,South,4, £16.01 ,6.00%,Card,9, £60.20 , £64.04 ,Delayed
11313,8/5/2025,1758,Home,East,4, £72.13 ,26.00%,Card,5, £213.50 , £288.52 ,On Time
11314,8/6/2025,1898,Beauty,North,2, £74.41 ,13.00%,Card,7, £129.47 , £148.82 ,Delayed
11315,8/7/2025,1242,Electronics,South,1, £427.36 ,7.00%,Card,7, £397.44 , £427.36 ,Delayed
11316,8/8/2025,1542,Beauty,East,2, £134.88 ,12.00%,Card,9, £237.39 , £269.76 ,Delayed
11317,8/9/2025,1039,Beauty,East,6, £538.41 ,20.00%,Card,7," £2,584.37 "," £3,230.46 ",Delayed
11318,8/10/2025,1228,Beauty,East,1, £558.23 ,25.00%,Card,8, £418.67 , £558.23 ,Delayed
11319,8/11/2025,1547,Clothing,South,4, £585.90 ,17.00%,Wallet,7," £1,945.19 "," £2,343.60 ",Delayed
11320,8/12/2025,1919,Clothing,East,1, £564.36 ,18.00%,COD,11, £462.78 , £564.36 ,Delayed
11321,8/13/2025,1222,Clothing,South,3, £174.05 ,5.00%,Card,4, £496.04 , £522.15 ,On Time
11322,8/14/2025,1005,Home,West,5, £313.22 ,32.00%,Wallet,2," £1,064.95 "," £1,566.10 ",On Time
11323,8/15/2025,1321,Clothing,East,1, £117.64 ,33.00%,COD,3, £78.82 , £117.64 ,On Time
11324,8/16/2025,1467,Home,West,6, £486.63 ,24.00%,COD,7," £2,219.03 "," £2,919.78 ",Delayed
11325,8/17/2025,1731,Clothing,North,5, £534.73 ,1.00%,COD,11," £2,646.91 "," £2,673.65 ",Delayed
11326,8/18/2025,1074,Home,East,3, £513.00 ,19.00%,Card,11," £1,246.59 "," £1,539.00 ",Delayed
11327,8/19/2025,1003,Home,North,6, £268.52 ,22.00%,Card,9," £1,256.67 "," £1,611.12 ",Delayed
11328,8/20/2025,1846,Electronics,North,7, £458.82 ,35.00%,Card,11," £2,087.63 "," £3,211.74 ",Delayed
11329,8/21/2025,1645,Home,North,5, £72.08 ,35.00%,COD,2, £234.26 , £360.40 ,On Time
11330,8/22/2025,1117,Clothing,West,7, £38.54 ,30.00%,COD,7, £188.85 , £269.78 ,Delayed
11331,8/23/2025,1880,Home,South,3, £455.64 ,2.00%,COD,4," £1,339.58 "," £1,366.92 ",On Time
11332,8/24/2025,1605,Clothing,West,5, £263.83 ,33.00%,Card,7, £883.83 ," £1,319.15 ",Delayed
11333,8/25/2025,1503,Clothing,West,5, £597.40 ,21.00%,COD,5," £2,359.73 "," £2,987.00 ",On Time
11334,8/26/2025,1997,Beauty,North,2, £71.89 ,28.00%,COD,7, £103.52 , £143.78 ,Delayed
11335,8/27/2025,1946,Electronics,East,6, £515.54 ,14.00%,Wallet,6," £2,660.19 "," £3,093.24 ",Delayed
11336,8/28/2025,1573,Home,South,6, £295.79 ,11.00%,Card,2," £1,579.52 "," £1,774.74 ",On Time
11337,8/29/2025,1440,Clothing,North,1, £498.88 ,16.00%,Wallet,7, £419.06 , £498.88 ,Delayed
11338,8/30/2025,1193,Clothing,South,7, £493.02 ,5.00%,Wallet,5," £3,278.58 "," £3,451.14 ",On Time
11339,8/31/2025,1846,Electronics,West,7, £550.86 ,12.00%,COD,9," £3,393.30 "," £3,856.02 ",Delayed
11340,9/1/2025,1714,Clothing,South,6, £189.24 ,30.00%,COD,11, £794.81 ," £1,135.44 ",Delayed
11341,9/2/2025,1391,Electronics,South,6, £570.63 ,1.00%,Card,1," £3,389.54 "," £3,423.78 ",On Time
11342,9/3/2025,1025,Electronics,East,5, £103.73 ,5.00%,Wallet,1, £492.72 , £518.65 ,On Time
11343,9/4/2025,1434,Electronics,North,7, £62.95 ,4.00%,Card,2, £423.02 , £440.65 ,On Time
11344,9/5/2025,1172,Electronics,South,4, £267.50 ,14.00%,COD,8, £920.20 ," £1,070.00 ",Delayed
11345,9/6/2025,1299,Beauty,South,2, £499.57 ,35.00%,Card,11, £649.44 , £999.14 ,Delayed
11346,9/7/2025,1644,Beauty,West,1, £291.95 ,6.00%,Card,9, £274.43 , £291.95 ,Delayed
11347,9/8/2025,1325,Clothing,West,2, £500.13 ,5.00%,COD,11, £950.25 ," £1,000.26 ",Delayed
11348,9/9/2025,1409,Home,South,1, £441.87 ,32.00%,Wallet,11, £300.47 , £441.87 ,Delayed
11349,9/10/2025,1117,Electronics,North,3, £137.52 ,31.00%,COD,7, £284.67 , £412.56 ,Delayed
11350,9/11/2025,1835,Home,South,5, £570.10 ,1.00%,Wallet,1," £2,822.00 "," £2,850.50 ",On Time
11351,9/12/2025,1786,Home,South,6, £50.56 ,26.00%,COD,7, £224.49 , £303.36 ,Delayed
11352,9/13/2025,1723,Beauty,East,6, £540.49 ,23.00%,Card,8," £2,497.06 "," £3,242.94 ",Delayed
11353,9/14/2025,1224,Clothing,North,4, £193.10 ,27.00%,Card,7, £563.85 , £772.40 ,Delayed
11354,9/15/2025,1531,Home,East,7, £307.59 ,17.00%,COD,5," £1,787.10 "," £2,153.13 ",On Time
11355,9/16/2025,1112,Electronics,North,7, £262.08 ,35.00%,Card,7," £1,192.46 "," £1,834.56 ",Delayed
11356,9/17/2025,1139,Beauty,North,2, £115.52 ,2.00%,COD,10, £226.42 , £231.04 ,Delayed
11357,9/18/2025,1558,Electronics,North,2, £224.52 ,8.00%,Card,11, £413.12 , £449.04 ,Delayed
11358,9/19/2025,1000,Clothing,East,2, £127.87 ,14.00%,Card,2, £219.94 , £255.74 ,On Time
11359,9/20/2025,1089,Home,East,7, £134.27 ,16.00%,COD,9, £789.51 , £939.89 ,Delayed
11360,9/21/2025,1653,Home,East,6, £124.43 ,32.00%,COD,2, £507.67 , £746.58 ,On Time
11361,9/22/2025,1319,Electronics,West,7, £301.08 ,20.00%,Card,2," £1,686.05 "," £2,107.56 ",On Time
11362,9/23/2025,1549,Beauty,East,2, £481.79 ,2.00%,Card,5, £944.31 , £963.58 ,On Time
11363,9/24/2025,1804,Electronics,West,5, £347.85 ,14.00%,Card,8," £1,495.76 "," £1,739.25 ",Delayed
11364,9/25/2025,1893,Clothing,West,1, £537.53 ,15.00%,Card,6, £456.90 , £537.53 ,Delayed
11365,9/26/2025,1138,Electronics,West,6, £387.38 ,34.00%,COD,9," £1,534.02 "," £2,324.28 ",Delayed
11366,9/27/2025,1510,Electronics,South,5, £418.26 ,21.00%,COD,6," £1,652.13 "," £2,091.30 ",Delayed
11367,9/28/2025,1867,Clothing,South,3, £405.55 ,22.00%,Card,5, £948.99 ," £1,216.65 ",On Time
11368,9/29/2025,1844,Clothing,South,5, £277.93 ,25.00%,Card,1," £1,042.24 "," £1,389.65 ",On Time
11369,9/30/2025,1258,Electronics,West,5, £418.26 ,27.00%,Card,8," £1,526.65 "," £2,091.30 ",Delayed
11370,10/1/2025,1672,Electronics,West,3, £55.78 ,22.00%,Card,3, £130.53 , £167.34 ,On Time
11371,10/2/2025,1901,Clothing,North,5, £518.01 ,8.00%,COD,2," £2,382.85 "," £2,590.05 ",On Time
11372,10/3/2025,1689,Home,West,1, £470.02 ,31.00%,Card,7, £324.31 , £470.02 ,Delayed
11373,10/4/2025,1009,Beauty,South,6, £158.46 ,26.00%,Card,11, £703.56 , £950.76 ,Delayed
11374,10/5/2025,1260,Electronics,West,4, £464.30 ,26.00%,COD,2," £1,374.33 "," £1,857.20 ",On Time
11375,10/6/2025,1918,Clothing,West,7, £22.40 ,35.00%,Card,1, £101.92 , £156.80 ,On Time
11376,10/7/2025,1649,Electronics,North,3, £142.09 ,28.00%,COD,11, £306.91 , £426.27 ,Delayed
11377,10/8/2025,1171,Electronics,West,6, £53.11 ,29.00%,COD,2, £226.25 , £318.66 ,On Time
11378,10/9/2025,1897,Home,East,2, £471.43 ,33.00%,Card,6, £631.72 , £942.86 ,Delayed
11379,10/10/2025,1012,Clothing,North,1, £457.19 ,5.00%,COD,2, £434.33 , £457.19 ,On Time
11380,10/11/2025,1167,Electronics,West,4, £490.98 ,17.00%,COD,1," £1,630.05 "," £1,963.92 ",On Time
11381,10/12/2025,1641,Electronics,West,1, £17.62 ,20.00%,COD,1, £14.10 , £17.62 ,On Time
11382,10/13/2025,1595,Electronics,North,1, £308.22 ,12.00%,COD,4, £271.23 , £308.22 ,On Time
11383,10/14/2025,1320,Home,West,2, £427.33 ,29.00%,Wallet,8, £606.81 , £854.66 ,Delayed
11384,10/15/2025,1318,Beauty,South,4, £105.91 ,27.00%,Wallet,6, £309.26 , £423.64 ,Delayed
11385,10/16/2025,1612,Electronics,East,7, £395.13 ,25.00%,COD,4," £2,074.43 "," £2,765.91 ",On Time
11386,10/17/2025,1328,Electronics,East,1, £64.20 ,35.00%,Wallet,6, £41.73 , £64.20 ,Delayed
11387,10/18/2025,1784,Beauty,South,2, £121.08 ,9.00%,Card,6, £220.37 , £242.16 ,Delayed
11388,10/19/2025,1776,Beauty,West,3, £293.34 ,26.00%,COD,9, £651.21 , £880.02 ,Delayed
11389,10/20/2025,1970,Clothing,West,2, £397.34 ,19.00%,Card,4, £643.69 , £794.68 ,On Time
11390,10/21/2025,1910,Electronics,East,5, £100.33 ,11.00%,Card,6, £446.47 , £501.65 ,Delayed
11391,10/22/2025,1919,Electronics,West,6, £123.36 ,6.00%,COD,10, £695.75 , £740.16 ,Delayed
11392,10/23/2025,1549,Clothing,East,2, £134.60 ,31.00%,COD,1, £185.75 , £269.20 ,On Time
11393,10/24/2025,1418,Clothing,East,2, £154.64 ,21.00%,Card,7, £244.33 , £309.28 ,Delayed
11394,10/25/2025,1605,Electronics,South,2, £147.53 ,29.00%,COD,7, £209.49 , £295.06 ,Delayed
11395,10/26/2025,1094,Clothing,East,7, £246.16 ,19.00%,COD,11," £1,395.73 "," £1,723.12 ",Delayed
11396,10/27/2025,1816,Electronics,West,1, £397.47 ,8.00%,Card,1, £365.67 , £397.47 ,On Time
11397,10/28/2025,1580,Home,West,7, £271.25 ,12.00%,Card,8," £1,670.90 "," £1,898.75 ",Delayed
11398,10/29/2025,1317,Electronics,North,4, £468.94 ,13.00%,Card,5," £1,631.91 "," £1,875.76 ",On Time
11399,10/30/2025,1955,Electronics,West,2, £435.77 ,34.00%,Card,9, £575.22 , £871.54 ,Delayed
11400,10/31/2025,1235,Clothing,North,2, £89.02 ,0.00%,COD,8, £178.04 , £178.04 ,Delayed
11401,11/1/2025,1945,Clothing,East,5, £43.57 ,34.00%,Card,3, £143.78 , £217.85 ,On Time
11402,11/2/2025,1333,Beauty,West,5, £528.60 ,34.00%,Card,1," £1,744.38 "," £2,643.00 ",On Time
11403,11/3/2025,1884,Clothing,South,3, £61.70 ,35.00%,COD,3, £120.32 , £185.10 ,On Time
11404,11/4/2025,1375,Electronics,South,3, £101.78 ,17.00%,COD,2, £253.43 , £305.34 ,On Time
11405,11/5/2025,1458,Home,South,5, £27.95 ,34.00%,Card,2, £92.24 , £139.75 ,On Time
11406,11/6/2025,1136,Electronics,East,4, £382.58 ,14.00%,Card,11," £1,316.08 "," £1,530.32 ",Delayed
11407,11/7/2025,1929,Beauty,East,3, £355.69 ,1.00%,Card,4," £1,056.40 "," £1,067.07 ",On Time
11408,11/8/2025,1587,Clothing,North,6, £592.34 ,8.00%,COD,2," £3,269.72 "," £3,554.04 ",On Time
11409,11/9/2025,1994,Clothing,South,6, £533.86 ,33.00%,Wallet,8," £2,146.12 "," £3,203.16 ",Delayed
11410,11/10/2025,1546,Electronics,North,4, £255.34 ,0.00%,COD,5," £1,021.36 "," £1,021.36 ",On Time
11411,11/11/2025,1512,Clothing,North,5, £232.38 ,19.00%,Card,1, £941.14 ," £1,161.90 ",On Time
11412,11/12/2025,1295,Home,West,3, £188.66 ,3.00%,COD,6, £549.00 , £565.98 ,Delayed
11413,11/13/2025,1319,Home,West,2, £104.16 ,10.00%,Card,7, £187.49 , £208.32 ,Delayed
11414,11/14/2025,1917,Electronics,South,5, £95.78 ,3.00%,Card,1, £464.53 , £478.90 ,On Time
11415,11/15/2025,1571,Electronics,East,3, £92.39 ,30.00%,Card,3, £194.02 , £277.17 ,On Time
11416,11/16/2025,1831,Home,West,4, £81.76 ,21.00%,COD,9, £258.36 , £327.04 ,Delayed
11417,11/17/2025,1348,Beauty,East,6, £155.70 ,32.00%,COD,7, £635.26 , £934.20 ,Delayed
11418,11/18/2025,1839,Electronics,North,4, £194.40 ,24.00%,COD,4, £590.98 , £777.60 ,On Time
11419,11/19/2025,1778,Clothing,North,3, £577.52 ,34.00%,COD,6," £1,143.49 "," £1,732.56 ",Delayed
11420,11/20/2025,1872,Electronics,North,4, £353.41 ,18.00%,Card,6," £1,159.18 "," £1,413.64 ",Delayed
11421,11/21/2025,1228,Beauty,North,3, £592.74 ,22.00%,Card,3," £1,387.01 "," £1,778.22 ",On Time
11422,11/22/2025,1269,Electronics,South,3, £232.89 ,20.00%,COD,2, £558.94 , £698.67 ,On Time
11423,11/23/2025,1827,Electronics,North,4, £282.71 ,17.00%,COD,5, £938.60 ," £1,130.84 ",On Time
11424,11/24/2025,1797,Home,West,1, £204.88 ,30.00%,COD,8, £143.42 , £204.88 ,Delayed
11425,11/25/2025,1290,Electronics,North,2, £121.99 ,23.00%,Card,3, £187.86 , £243.98 ,On Time
11426,11/26/2025,1724,Clothing,East,5, £98.75 ,28.00%,COD,5, £355.50 , £493.75 ,On Time
11427,11/27/2025,1164,Clothing,West,6, £567.87 ,28.00%,Card,3," £2,453.20 "," £3,407.22 ",On Time
11428,11/28/2025,1004,Electronics,East,2, £592.28 ,7.00%,COD,7," £1,101.64 "," £1,184.56 ",Delayed
11429,11/29/2025,1850,Clothing,East,5, £41.27 ,23.00%,COD,6, £158.89 , £206.35 ,Delayed
11430,11/30/2025,1378,Clothing,South,5, £102.95 ,7.00%,Wallet,6, £478.72 , £514.75 ,Delayed
11431,12/1/2025,1077,Electronics,South,6, £262.76 ,20.00%,Card,1," £1,261.25 "," £1,576.56 ",On Time
11432,12/2/2025,1409,Clothing,East,2, £124.01 ,24.00%,COD,2, £188.50 , £248.02 ,On Time
11433,12/3/2025,1573,Home,East,6, £227.87 ,35.00%,COD,6, £888.69 ," £1,367.22 ",Delayed
11434,12/4/2025,1131,Home,North,3, £90.52 ,1.00%,Card,8, £268.84 , £271.56 ,Delayed
11435,12/5/2025,1600,Electronics,West,6, £282.06 ,3.00%,Card,5," £1,641.59 "," £1,692.36 ",On Time
11436,12/6/2025,1748,Electronics,North,4, £173.94 ,3.00%,COD,2, £674.89 , £695.76 ,On Time
11437,12/7/2025,1041,Electronics,South,1, £220.86 ,14.00%,Card,5, £189.94 , £220.86 ,On Time
11438,12/8/2025,1088,Clothing,South,1, £70.17 ,29.00%,Card,9, £49.82 , £70.17 ,Delayed
11439,12/9/2025,1401,Clothing,North,1, £265.45 ,30.00%,Wallet,6, £185.82 , £265.45 ,Delayed
11440,12/10/2025,1295,Home,West,2, £590.21 ,26.00%,COD,5, £873.51 ," £1,180.42 ",On Time
11441,12/11/2025,1839,Electronics,East,2, £207.37 ,31.00%,Card,10, £286.17 , £414.74 ,Delayed
11442,12/12/2025,1294,Electronics,North,3, £527.71 ,11.00%,COD,6," £1,408.99 "," £1,583.13 ",Delayed
11443,12/13/2025,1615,Clothing,South,7, £508.27 ,3.00%,COD,11," £3,451.15 "," £3,557.89 ",Delayed
11444,12/14/2025,1525,Home,West,1, £571.95 ,2.00%,Wallet,9, £560.51 , £571.95 ,Delayed
11445,12/15/2025,1799,Electronics,South,3, £477.21 ,30.00%,COD,7," £1,002.14 "," £1,431.63 ",Delayed
11446,12/16/2025,1690,Clothing,West,7, £400.86 ,26.00%,Wallet,10," £2,076.45 "," £2,806.02 ",Delayed
11447,12/17/2025,1636,Electronics,West,1, £516.10 ,24.00%,Card,3, £392.24 , £516.10 ,On Time
11448,12/18/2025,1421,Beauty,West,2, £59.25 ,12.00%,COD,10, £104.28 , £118.50 ,Delayed
11449,12/19/2025,1864,Beauty,North,7, £285.76 ,13.00%,Card,10," £1,740.28 "," £2,000.32 ",Delayed
11450,12/20/2025,1022,Electronics,North,4, £593.71 ,34.00%,Card,5," £1,567.39 "," £2,374.84 ",On Time
11451,12/21/2025,1574,Electronics,North,4, £465.22 ,2.00%,COD,4," £1,823.66 "," £1,860.88 ",On Time
11452,12/22/2025,1142,Clothing,West,4, £577.81 ,27.00%,Card,11," £1,687.21 "," £2,311.24 ",Delayed
11453,12/23/2025,1992,Electronics,West,6, £471.09 ,11.00%,COD,5," £2,515.62 "," £2,826.54 ",On Time
11454,12/24/2025,1664,Home,South,4, £526.81 ,1.00%,Wallet,8," £2,086.17 "," £2,107.24 ",Delayed
11455,12/25/2025,1144,Home,East,5, £428.32 ,26.00%,Card,11," £1,584.78 "," £2,141.60 ",Delayed
11456,12/26/2025,1224,Home,North,1, £459.89 ,12.00%,Card,6, £404.70 , £459.89 ,Delayed
11457,12/27/2025,1502,Home,West,4, £321.06 ,25.00%,COD,4, £963.18 ," £1,284.24 ",On Time
11458,12/28/2025,1961,Clothing,South,7, £555.68 ,25.00%,Wallet,5," £2,917.32 "," £3,889.76 ",On Time
11459,12/29/2025,1973,Electronics,South,5, £497.65 ,19.00%,COD,11," £2,015.48 "," £2,488.25 ",Delayed
11460,12/30/2025,1820,Home,South,5, £508.67 ,27.00%,COD,7," £1,856.65 "," £2,543.35 ",Delayed
11461,12/31/2025,1615,Clothing,North,5, £408.71 ,20.00%,Card,8," £1,634.84 "," £2,043.55 ",Delayed
11462,1/1/2026,1103,Home,North,3, £193.18 ,10.00%,Card,5, £521.59 , £579.54 ,On Time
11463,1/2/2026,1946,Electronics,East,7, £35.84 ,26.00%,COD,2, £185.65 , £250.88 ,On Time
11464,1/3/2026,1038,Electronics,South,3, £562.36 ,21.00%,Card,6," £1,332.79 "," £1,687.08 ",Delayed
11465,1/4/2026,1946,Beauty,North,5, £357.88 ,0.00%,Wallet,9," £1,789.40 "," £1,789.40 ",Delayed
11466,1/5/2026,1197,Electronics,South,6, £189.41 ,32.00%,COD,3, £772.79 ," £1,136.46 ",On Time
11467,1/6/2026,1645,Beauty,West,4, £102.24 ,19.00%,COD,7, £331.26 , £408.96 ,Delayed
11468,1/7/2026,1578,Beauty,South,1, £500.27 ,30.00%,COD,8, £350.19 , £500.27 ,Delayed
11469,1/8/2026,1390,Home,East,7, £504.36 ,31.00%,COD,6," £2,436.06 "," £3,530.52 ",Delayed
11470,1/9/2026,1178,Home,North,6, £491.49 ,16.00%,COD,3," £2,477.11 "," £2,948.94 ",On Time
11471,1/10/2026,1967,Clothing,West,2, £392.37 ,18.00%,Wallet,1, £643.49 , £784.74 ,On Time
11472,1/11/2026,1553,Beauty,North,3, £229.12 ,15.00%,Wallet,3, £584.26 , £687.36 ,On Time
11473,1/12/2026,1447,Electronics,West,4, £192.88 ,16.00%,Wallet,11, £648.08 , £771.52 ,Delayed
11474,1/13/2026,1499,Clothing,South,4, £20.00 ,31.00%,Wallet,6, £55.20 , £80.00 ,Delayed
11475,1/14/2026,1014,Clothing,South,2, £502.66 ,28.00%,COD,11, £723.83 ," £1,005.32 ",Delayed
11476,1/15/2026,1622,Clothing,East,2, £66.15 ,4.00%,COD,4, £127.01 , £132.30 ,On Time
11477,1/16/2026,1668,Clothing,East,7, £383.99 ,21.00%,Card,1," £2,123.46 "," £2,687.93 ",On Time
11478,1/17/2026,1288,Electronics,West,4, £309.88 ,35.00%,Card,6, £805.69 ," £1,239.52 ",Delayed
11479,1/18/2026,1477,Clothing,East,2, £323.11 ,21.00%,Card,1, £510.51 , £646.22 ,On Time
11480,1/19/2026,1230,Beauty,East,4, £557.13 ,28.00%,Card,8," £1,604.53 "," £2,228.52 ",Delayed
11481,1/20/2026,1922,Electronics,East,6, £33.49 ,27.00%,Card,3, £146.69 , £200.94 ,On Time
11482,1/21/2026,1419,Beauty,East,7, £467.43 ,12.00%,Card,3," £2,879.37 "," £3,272.01 ",On Time
11483,1/22/2026,1156,Home,South,2, £45.45 ,13.00%,Wallet,1, £79.08 , £90.90 ,On Time
11484,1/23/2026,1549,Home,East,6, £37.32 ,25.00%,Wallet,3, £167.94 , £223.92 ,On Time
11485,1/24/2026,1440,Clothing,South,6, £266.44 ,17.00%,Card,7," £1,326.87 "," £1,598.64 ",Delayed
11486,1/25/2026,1096,Home,South,2, £51.90 ,20.00%,Card,10, £83.04 , £103.80 ,Delayed
11487,1/26/2026,1996,Electronics,North,7, £476.65 ,25.00%,Wallet,8," £2,502.41 "," £3,336.55 ",Delayed
11488,1/27/2026,1410,Home,South,4, £324.79 ,27.00%,Wallet,11, £948.39 ," £1,299.16 ",Delayed
11489,1/28/2026,1950,Electronics,South,5, £31.99 ,10.00%,Wallet,8, £143.96 , £159.95 ,Delayed
11490,1/29/2026,1288,Beauty,East,4, £38.69 ,5.00%,Wallet,3, £147.02 , £154.76 ,On Time
11491,1/30/2026,1253,Beauty,South,1, £373.41 ,10.00%,Wallet,5, £336.07 , £373.41 ,On Time
11492,1/31/2026,1195,Electronics,West,2, £486.58 ,18.00%,Card,1, £797.99 , £973.16 ,On Time
11493,2/1/2026,1597,Electronics,East,3, £271.11 ,12.00%,Card,9, £715.73 , £813.33 ,Delayed
11494,2/2/2026,1833,Home,East,7, £339.43 ,20.00%,COD,8," £1,900.81 "," £2,376.01 ",Delayed
11495,2/3/2026,1521,Electronics,East,2, £482.90 ,2.00%,Card,10, £946.48 , £965.80 ,Delayed
11496,2/4/2026,1516,Beauty,North,1, £372.15 ,18.00%,Wallet,2, £305.16 , £372.15 ,On Time
11497,2/5/2026,1634,Electronics,East,6, £146.48 ,13.00%,COD,10, £764.63 , £878.88 ,Delayed
11498,2/6/2026,1841,Electronics,South,3, £373.64 ,19.00%,COD,1, £907.95 ," £1,120.92 ",On Time
11499,2/7/2026,1864,Beauty,West,3, £382.54 ,15.00%,Card,4, £975.48 ," £1,147.62 ",On Time
11500,2/8/2026,1117,Home,East,4, £444.45 ,10.00%,COD,9," £1,600.02 "," £1,777.80 ",Delayed
11501,2/9/2026,1805,Home,East,5, £378.21 ,32.00%,COD,8," £1,285.91 "," £1,891.05 ",Delayed
11502,2/10/2026,1908,Electronics,West,4, £582.01 ,6.00%,Wallet,3," £2,188.36 "," £2,328.04 ",On Time
11503,2/11/2026,1158,Home,East,7, £130.41 ,24.00%,Card,10, £693.78 , £912.87 ,Delayed
11504,2/12/2026,1814,Clothing,North,3, £571.39 ,32.00%,Wallet,6," £1,165.64 "," £1,714.17 ",Delayed
11505,2/13/2026,1227,Clothing,South,3, £329.93 ,19.00%,Wallet,9, £801.73 , £989.79 ,Delayed
11506,2/14/2026,1876,Home,West,5, £408.09 ,31.00%,COD,10," £1,407.91 "," £2,040.45 ",Delayed
11507,2/15/2026,1215,Clothing,West,7, £73.19 ,4.00%,COD,8, £491.84 , £512.33 ,Delayed
11508,2/16/2026,1947,Clothing,North,2, £237.64 ,17.00%,COD,10, £394.48 , £475.28 ,Delayed
11509,2/17/2026,1695,Electronics,South,5, £465.09 ,16.00%,Card,5," £1,953.38 "," £2,325.45 ",On Time
11510,2/18/2026,1014,Home,North,6, £428.54 ,0.00%,Card,9," £2,571.24 "," £2,571.24 ",Delayed
11511,2/19/2026,1156,Electronics,South,4, £38.48 ,16.00%,Wallet,9, £129.29 , £153.92 ,Delayed
11512,2/20/2026,1647,Home,North,2, £334.76 ,13.00%,COD,3, £582.48 , £669.52 ,On Time
11513,2/21/2026,1260,Electronics,East,4, £66.64 ,23.00%,Card,8, £205.25 , £266.56 ,Delayed
11514,2/22/2026,1156,Clothing,North,5, £597.58 ,33.00%,COD,4," £2,001.89 "," £2,987.90 ",On Time
11515,2/23/2026,1046,Home,West,2, £539.92 ,3.00%,Card,10," £1,047.44 "," £1,079.84 ",Delayed
11516,2/24/2026,1323,Electronics,West,5, £27.33 ,11.00%,Card,7, £121.62 , £136.65 ,Delayed
11517,2/25/2026,1843,Electronics,West,6, £517.31 ,16.00%,COD,10," £2,607.24 "," £3,103.86 ",Delayed
11518,2/26/2026,1684,Electronics,North,1, £552.87 ,16.00%,Card,8, £464.41 , £552.87 ,Delayed
11519,2/27/2026,1129,Clothing,West,3, £221.83 ,27.00%,Card,7, £485.81 , £665.49 ,Delayed
11520,2/28/2026,1410,Home,West,7, £435.91 ,16.00%,COD,5," £2,563.15 "," £3,051.37 ",On Time
11521,3/1/2026,1094,Electronics,East,2, £273.63 ,1.00%,COD,11, £541.79 , £547.26 ,Delayed
11522,3/2/2026,1626,Home,East,3, £398.31 ,25.00%,Card,1, £896.20 ," £1,194.93 ",On Time
11523,3/3/2026,1754,Electronics,South,1, £214.09 ,31.00%,Card,8, £147.72 , £214.09 ,Delayed
11524,3/4/2026,1931,Clothing,South,2, £203.70 ,18.00%,Card,5, £334.07 , £407.40 ,On Time
11525,3/5/2026,1291,Beauty,South,3, £263.29 ,20.00%,Card,3, £631.90 , £789.87 ,On Time
11526,3/6/2026,1793,Electronics,North,3, £100.16 ,6.00%,Card,2, £282.45 , £300.48 ,On Time
11527,3/7/2026,1810,Clothing,South,2, £501.22 ,8.00%,Card,3, £922.24 ," £1,002.44 ",On Time
11528,3/8/2026,1282,Electronics,North,3, £218.99 ,8.00%,Card,9, £604.41 , £656.97 ,Delayed
11529,3/9/2026,1068,Electronics,North,3, £249.09 ,15.00%,Wallet,2, £635.18 , £747.27 ,On Time
11530,3/10/2026,1659,Electronics,South,2, £538.02 ,32.00%,Card,10, £731.71 ," £1,076.04 ",Delayed
11531,3/11/2026,1010,Electronics,South,7, £305.52 ,18.00%,Card,1," £1,753.68 "," £2,138.64 ",On Time
11532,3/12/2026,1253,Clothing,North,3, £333.39 ,7.00%,Card,2, £930.16 ," £1,000.17 ",On Time
11533,3/13/2026,1841,Clothing,East,3, £574.55 ,9.00%,Card,2," £1,568.52 "," £1,723.65 ",On Time
11534,3/14/2026,1871,Clothing,West,7, £533.73 ,13.00%,COD,11," £3,250.42 "," £3,736.11 ",Delayed
11535,3/15/2026,1549,Electronics,West,4, £114.14 ,22.00%,Card,5, £356.12 , £456.56 ,On Time
11536,3/16/2026,1133,Electronics,West,6, £291.83 ,15.00%,Card,1," £1,488.33 "," £1,750.98 ",On Time
11537,3/17/2026,1711,Home,East,4, £583.21 ,14.00%,Card,10," £2,006.24 "," £2,332.84 ",Delayed
11538,3/18/2026,1022,Beauty,North,1, £232.83 ,20.00%,COD,8, £186.26 , £232.83 ,Delayed
11539,3/19/2026,1814,Electronics,South,4, £232.37 ,8.00%,Card,2, £855.12 , £929.48 ,On Time
11540,3/20/2026,1345,Beauty,North,4, £129.09 ,3.00%,COD,6, £500.87 , £516.36 ,Delayed
11541,3/21/2026,1301,Clothing,North,1, £81.88 ,1.00%,Card,5, £81.06 , £81.88 ,On Time
11542,3/22/2026,1362,Clothing,South,3, £448.08 ,9.00%,Card,2," £1,223.26 "," £1,344.24 ",On Time
11543,3/23/2026,1395,Clothing,East,3, £465.47 ,3.00%,COD,10," £1,354.52 "," £1,396.41 ",Delayed
11544,3/24/2026,1217,Electronics,West,4, £581.87 ,12.00%,COD,1," £2,048.18 "," £2,327.48 ",On Time
11545,3/25/2026,1140,Electronics,West,1, £467.45 ,27.00%,COD,6, £341.24 , £467.45 ,Delayed
11546,3/26/2026,1615,Clothing,North,3, £157.36 ,25.00%,Card,6, £354.06 , £472.08 ,Delayed
11547,3/27/2026,1957,Electronics,East,5, £38.47 ,21.00%,COD,3, £151.96 , £192.35 ,On Time
11548,3/28/2026,1209,Beauty,West,2, £591.48 ,30.00%,Card,8, £828.07 ," £1,182.96 ",Delayed
11549,3/29/2026,1984,Clothing,East,2, £214.16 ,10.00%,COD,9, £385.49 , £428.32 ,Delayed
11550,3/30/2026,1992,Electronics,South,6, £197.50 ,31.00%,COD,3, £817.65 ," £1,185.00 ",On Time
11551,3/31/2026,1622,Home,North,2, £544.98 ,14.00%,Card,9, £937.37 ," £1,089.96 ",Delayed
11552,4/1/2026,1615,Electronics,North,4, £357.28 ,14.00%,COD,8," £1,229.04 "," £1,429.12 ",Delayed
11553,4/2/2026,1827,Clothing,East,2, £140.70 ,14.00%,COD,5, £242.00 , £281.40 ,On Time
11554,4/3/2026,1682,Home,West,2, £535.12 ,3.00%,Card,6," £1,038.13 "," £1,070.24 ",Delayed
11555,4/4/2026,1459,Beauty,East,5, £596.12 ,34.00%,Wallet,1," £1,967.20 "," £2,980.60 ",On Time
11556,4/5/2026,1355,Home,South,3, £65.71 ,5.00%,Wallet,5, £187.27 , £197.13 ,On Time
11557,4/6/2026,1323,Home,West,5, £519.42 ,12.00%,Card,10," £2,285.45 "," £2,597.10 ",Delayed
11558,4/7/2026,1132,Home,West,4, £243.45 ,11.00%,Wallet,10, £866.68 , £973.80 ,Delayed
11559,4/8/2026,1887,Beauty,East,2, £321.58 ,3.00%,Card,7, £623.87 , £643.16 ,Delayed
11560,4/9/2026,1804,Electronics,South,7, £550.17 ,5.00%,COD,1," £3,658.63 "," £3,851.19 ",On Time
11561,4/10/2026,1839,Electronics,West,3, £584.43 ,2.00%,Wallet,10," £1,718.22 "," £1,753.29 ",Delayed
11562,4/11/2026,1126,Electronics,North,6, £168.37 ,10.00%,COD,9, £909.20 ," £1,010.22 ",Delayed
11563,4/12/2026,1105,Electronics,South,6, £139.52 ,30.00%,Card,7, £585.98 , £837.12 ,Delayed
11564,4/13/2026,1603,Home,West,2, £62.10 ,12.00%,Wallet,4, £109.30 , £124.20 ,On Time
11565,4/14/2026,1798,Clothing,East,2, £343.65 ,4.00%,Card,11, £659.81 , £687.30 ,Delayed
11566,4/15/2026,1377,Clothing,West,6, £22.96 ,23.00%,Card,4, £106.08 , £137.76 ,On Time
11567,4/16/2026,1904,Electronics,North,6, £255.96 ,35.00%,Card,11, £998.24 ," £1,535.76 ",Delayed
11568,4/17/2026,1050,Home,South,7, £57.93 ,8.00%,Wallet,10, £373.07 , £405.51 ,Delayed
11569,4/18/2026,1028,Electronics,West,4, £252.06 ,10.00%,Wallet,7, £907.42 ," £1,008.24 ",Delayed
11570,4/19/2026,1461,Home,North,2, £38.36 ,34.00%,Card,6, £50.64 , £76.72 ,Delayed
11571,4/20/2026,1295,Clothing,West,6, £503.60 ,6.00%,Wallet,3," £2,840.30 "," £3,021.60 ",On Time
11572,4/21/2026,1296,Electronics,West,7, £137.70 ,18.00%,Card,9, £790.40 , £963.90 ,Delayed
11573,4/22/2026,1725,Electronics,South,1, £207.06 ,8.00%,Wallet,6, £190.50 , £207.06 ,Delayed
11574,4/23/2026,1778,Electronics,East,6, £523.98 ,33.00%,COD,11," £2,106.40 "," £3,143.88 ",Delayed
11575,4/24/2026,1406,Home,East,3, £451.57 ,34.00%,Card,2, £894.11 ," £1,354.71 ",On Time
11576,4/25/2026,1768,Beauty,North,3, £143.14 ,29.00%,Card,10, £304.89 , £429.42 ,Delayed
11577,4/26/2026,1813,Clothing,North,1, £57.06 ,11.00%,Card,2, £50.78 , £57.06 ,On Time
11578,4/27/2026,1612,Electronics,North,4, £433.67 ,14.00%,Card,1," £1,491.82 "," £1,734.68 ",On Time
11579,4/28/2026,1404,Clothing,South,2, £243.56 ,8.00%,COD,11, £448.15 , £487.12 ,Delayed
11580,4/29/2026,1345,Home,East,2, £463.16 ,31.00%,Card,5, £639.16 , £926.32 ,On Time
11581,4/30/2026,1621,Home,North,6, £275.50 ,32.00%,Wallet,10," £1,124.04 "," £1,653.00 ",Delayed
11582,5/1/2026,1419,Electronics,North,3, £217.41 ,15.00%,COD,6, £554.40 , £652.23 ,Delayed
11583,5/2/2026,1181,Electronics,West,4, £278.96 ,23.00%,COD,3, £859.20 ," £1,115.84 ",On Time
11584,5/3/2026,1982,Home,West,4, £452.91 ,6.00%,Card,4," £1,702.94 "," £1,811.64 ",On Time
11585,5/4/2026,1824,Clothing,North,4, £542.80 ,15.00%,Wallet,5," £1,845.52 "," £2,171.20 ",On Time
11586,5/5/2026,1000,Electronics,West,6, £44.11 ,22.00%,COD,4, £206.43 , £264.66 ,On Time
11587,5/6/2026,1830,Electronics,West,2, £321.61 ,13.00%,Wallet,9, £559.60 , £643.22 ,Delayed
11588,5/7/2026,1949,Clothing,West,4, £34.21 ,13.00%,Wallet,3, £119.05 , £136.84 ,On Time
11589,5/8/2026,1566,Beauty,South,6, £289.02 ,0.00%,Card,5," £1,734.12 "," £1,734.12 ",On Time
11590,5/9/2026,1370,Beauty,North,6, £532.89 ,28.00%,Card,7," £2,302.08 "," £3,197.34 ",Delayed
11591,5/10/2026,1935,Clothing,North,1, £226.53 ,31.00%,Wallet,7, £156.31 , £226.53 ,Delayed
11592,5/11/2026,1910,Clothing,West,5, £560.48 ,34.00%,Wallet,6," £1,849.58 "," £2,802.40 ",Delayed
11593,5/12/2026,1660,Electronics,South,4, £383.91 ,25.00%,COD,9," £1,151.73 "," £1,535.64 ",Delayed
11594,5/13/2026,1430,Clothing,West,5, £561.48 ,19.00%,Card,7," £2,273.99 "," £2,807.40 ",Delayed
11595,5/14/2026,1968,Clothing,South,2, £457.94 ,9.00%,COD,11, £833.45 , £915.88 ,Delayed
11596,5/15/2026,1308,Clothing,North,6, £75.51 ,35.00%,Card,4, £294.49 , £453.06 ,On Time
11597,5/16/2026,1136,Clothing,West,7, £150.22 ,21.00%,Card,11, £830.72 ," £1,051.54 ",Delayed
11598,5/17/2026,1201,Electronics,North,4, £245.59 ,24.00%,COD,10, £746.59 , £982.36 ,Delayed
11599,5/18/2026,1435,Electronics,South,7, £114.51 ,24.00%,Card,9, £609.19 , £801.57 ,Delayed
11600,5/19/2026,1312,Electronics,East,3, £304.52 ,30.00%,COD,6, £639.49 , £913.56 ,Delayed
11601,5/20/2026,1116,Electronics,South,2, £290.75 ,0.00%,Wallet,1, £581.50 , £581.50 ,On Time
11602,5/21/2026,1665,Electronics,East,1, £574.41 ,8.00%,Wallet,9, £528.46 , £574.41 ,Delayed
11603,5/22/2026,1936,Beauty,North,1, £268.73 ,23.00%,Wallet,11, £206.92 , £268.73 ,Delayed
11604,5/23/2026,1802,Clothing,North,5, £474.59 ,31.00%,Wallet,7," £1,637.34 "," £2,372.95 ",Delayed
11605,5/24/2026,1574,Clothing,West,6, £566.02 ,24.00%,Card,6," £2,581.05 "," £3,396.12 ",Delayed
11606,5/25/2026,1243,Beauty,East,5, £528.04 ,14.00%,Wallet,6," £2,270.57 "," £2,640.20 ",Delayed
11607,5/26/2026,1536,Beauty,South,3, £137.07 ,13.00%,Wallet,4, £357.75 , £411.21 ,On Time
11608,5/27/2026,1601,Clothing,North,3, £305.18 ,26.00%,Wallet,4, £677.50 , £915.54 ,On Time
11609,5/28/2026,1074,Home,East,1, £218.43 ,26.00%,COD,11, £161.64 , £218.43 ,Delayed
11610,5/29/2026,1805,Electronics,South,7, £248.92 ,21.00%,Card,3," £1,376.53 "," £1,742.44 ",On Time
11611,5/30/2026,1385,Electronics,East,4, £226.07 ,10.00%,Card,8, £813.85 , £904.28 ,Delayed
11612,5/31/2026,1902,Clothing,South,1, £498.42 ,32.00%,Card,8, £338.93 , £498.42 ,Delayed
11613,6/1/2026,1209,Home,South,1, £279.50 ,19.00%,Wallet,2, £226.40 , £279.50 ,On Time
11614,6/2/2026,1474,Home,South,7, £321.36 ,28.00%,COD,5," £1,619.65 "," £2,249.52 ",On Time
11615,6/3/2026,1417,Electronics,South,7, £589.73 ,8.00%,Wallet,9," £3,797.86 "," £4,128.11 ",Delayed
11616,6/4/2026,1346,Electronics,East,3, £50.09 ,12.00%,COD,9, £132.24 , £150.27 ,Delayed
11617,6/5/2026,1528,Clothing,East,7, £300.46 ,31.00%,COD,7," £1,451.22 "," £2,103.22 ",Delayed
11618,6/6/2026,1639,Electronics,West,5, £467.83 ,2.00%,Card,4," £2,292.37 "," £2,339.15 ",On Time
11619,6/7/2026,1938,Clothing,East,3, £103.43 ,18.00%,Card,4, £254.44 , £310.29 ,On Time
11620,6/8/2026,1954,Home,East,7, £372.75 ,17.00%,Card,10," £2,165.68 "," £2,609.25 ",Delayed
11621,6/9/2026,1875,Home,West,6, £155.09 ,26.00%,COD,11, £688.60 , £930.54 ,Delayed
11622,6/10/2026,1762,Home,East,3, £522.43 ,10.00%,Card,7," £1,410.56 "," £1,567.29 ",Delayed
11623,6/11/2026,1178,Beauty,South,3, £206.35 ,8.00%,COD,3, £569.53 , £619.05 ,On Time
11624,6/12/2026,1181,Clothing,North,1, £207.50 ,32.00%,Card,3, £141.10 , £207.50 ,On Time
11625,6/13/2026,1663,Home,North,4, £364.94 ,20.00%,Wallet,5," £1,167.81 "," £1,459.76 ",On Time
11626,6/14/2026,1024,Clothing,West,1, £122.38 ,4.00%,Card,11, £117.48 , £122.38 ,Delayed
11627,6/15/2026,1966,Electronics,East,2, £181.66 ,7.00%,COD,6, £337.89 , £363.32 ,Delayed
11628,6/16/2026,1179,Electronics,East,3, £258.73 ,35.00%,Card,8, £504.52 , £776.19 ,Delayed
11629,6/17/2026,1709,Electronics,West,7, £221.88 ,7.00%,COD,1," £1,444.44 "," £1,553.16 ",On Time
11630,6/18/2026,1500,Clothing,North,7, £322.05 ,21.00%,Card,7," £1,780.94 "," £2,254.35 ",Delayed
11631,6/19/2026,1855,Clothing,South,7, £365.79 ,15.00%,COD,8," £2,176.45 "," £2,560.53 ",Delayed
11632,6/20/2026,1160,Home,East,3, £346.50 ,31.00%,Wallet,5, £717.26 ," £1,039.50 ",On Time
11633,6/21/2026,1176,Electronics,West,7, £397.69 ,26.00%,Card,10," £2,060.03 "," £2,783.83 ",Delayed
11634,6/22/2026,1284,Electronics,South,2, £195.03 ,21.00%,Card,2, £308.15 , £390.06 ,On Time
11635,6/23/2026,1062,Beauty,West,3, £88.96 ,0.00%,COD,4, £266.88 , £266.88 ,On Time
11636,6/24/2026,1661,Electronics,West,7, £460.07 ,31.00%,COD,6," £2,222.14 "," £3,220.49 ",Delayed
11637,6/25/2026,1665,Clothing,West,3, £512.71 ,16.00%,Card,9," £1,292.03 "," £1,538.13 ",Delayed
11638,6/26/2026,1155,Clothing,North,6, £165.35 ,33.00%,COD,2, £664.71 , £992.10 ,On Time
11639,6/27/2026,1881,Clothing,North,3, £253.15 ,17.00%,Card,4, £630.34 , £759.45 ,On Time
11640,6/28/2026,1468,Electronics,West,2, £306.66 ,24.00%,Card,10, £466.12 , £613.32 ,Delayed
11641,6/29/2026,1048,Electronics,East,1, £327.00 ,2.00%,Card,5, £320.46 , £327.00 ,On Time
11642,6/30/2026,1966,Electronics,South,3, £400.80 ,26.00%,Wallet,8, £889.78 ," £1,202.40 ",Delayed
11643,7/1/2026,1848,Clothing,East,4, £39.34 ,12.00%,COD,8, £138.48 , £157.36 ,Delayed
11644,7/2/2026,1083,Clothing,North,2, £437.06 ,12.00%,COD,2, £769.23 , £874.12 ,On Time
11645,7/3/2026,1360,Electronics,South,5, £51.25 ,4.00%,Wallet,6, £246.00 , £256.25 ,Delayed
11646,7/4/2026,1688,Clothing,West,6, £288.95 ,5.00%,Card,6," £1,647.02 "," £1,733.70 ",Delayed
11647,7/5/2026,1147,Home,East,2, £499.19 ,7.00%,COD,5, £928.49 , £998.38 ,On Time
11648,7/6/2026,1629,Electronics,East,1, £278.96 ,11.00%,Wallet,8, £248.27 , £278.96 ,Delayed
11649,7/7/2026,1341,Clothing,West,7, £102.22 ,31.00%,Card,10, £493.72 , £715.54 ,Delayed
11650,7/8/2026,1475,Home,East,7, £591.24 ,13.00%,Card,2," £3,600.65 "," £4,138.68 ",On Time
11651,7/9/2026,1062,Electronics,North,2, £535.23 ,25.00%,Wallet,2, £802.85 ," £1,070.46 ",On Time
11652,7/10/2026,1700,Electronics,West,5, £466.22 ,3.00%,Wallet,7," £2,261.17 "," £2,331.10 ",Delayed
11653,7/11/2026,1359,Clothing,East,7, £255.73 ,21.00%,Card,9," £1,414.19 "," £1,790.11 ",Delayed
11654,7/12/2026,1560,Beauty,West,6, £122.55 ,17.00%,Card,3, £610.30 , £735.30 ,On Time
11655,7/13/2026,1326,Home,South,4, £565.73 ,34.00%,Card,7," £1,493.53 "," £2,262.92 ",Delayed
11656,7/14/2026,1768,Clothing,West,5, £326.43 ,30.00%,Card,3," £1,142.51 "," £1,632.15 ",On Time
11657,7/15/2026,1735,Home,East,2, £513.63 ,16.00%,Card,6, £862.90 ," £1,027.26 ",Delayed
11658,7/16/2026,1140,Clothing,North,5, £215.13 ,27.00%,COD,3, £785.22 ," £1,075.65 ",On Time
11659,7/17/2026,1989,Clothing,West,7, £211.14 ,7.00%,Wallet,1," £1,374.52 "," £1,477.98 ",On Time
11660,7/18/2026,1214,Clothing,West,7, £591.54 ,20.00%,Card,6," £3,312.62 "," £4,140.78 ",Delayed
11661,7/19/2026,1434,Electronics,East,2, £320.27 ,3.00%,Wallet,11, £621.32 , £640.54 ,Delayed
11662,7/20/2026,1890,Home,North,7, £97.31 ,12.00%,Card,3, £599.43 , £681.17 ,On Time
11663,7/21/2026,1951,Clothing,North,7, £143.51 ,8.00%,Card,1, £924.20 ," £1,004.57 ",On Time
11664,7/22/2026,1722,Clothing,South,4, £296.94 ,25.00%,COD,5, £890.82 ," £1,187.76 ",On Time
11665,7/23/2026,1317,Beauty,South,4, £39.85 ,17.00%,Card,8, £132.30 , £159.40 ,Delayed
11666,7/24/2026,1031,Electronics,East,1, £285.58 ,26.00%,Card,8, £211.33 , £285.58 ,Delayed
11667,7/25/2026,1669,Electronics,North,4, £260.08 ,18.00%,Wallet,8, £853.06 ," £1,040.32 ",Delayed
11668,7/26/2026,1284,Electronics,North,3, £470.91 ,3.00%,Card,3," £1,370.35 "," £1,412.73 ",On Time
11669,7/27/2026,1304,Home,South,5, £222.64 ,26.00%,COD,8, £823.77 ," £1,113.20 ",Delayed
11670,7/28/2026,1428,Home,South,5, £589.79 ,29.00%,Card,4," £2,093.75 "," £2,948.95 ",On Time
11671,7/29/2026,1476,Electronics,East,2, £120.75 ,32.00%,Card,8, £164.22 , £241.50 ,Delayed
11672,7/30/2026,1285,Home,North,4, £360.73 ,20.00%,COD,3," £1,154.34 "," £1,442.92 ",On Time
11673,7/31/2026,1143,Clothing,West,1, £67.47 ,26.00%,Wallet,3, £49.93 , £67.47 ,On Time
11674,8/1/2026,1423,Home,South,7, £444.31 ,26.00%,Card,1," £2,301.53 "," £3,110.17 ",On Time
11675,8/2/2026,1018,Clothing,East,1, £596.93 ,5.00%,COD,8, £567.08 , £596.93 ,Delayed
11676,8/3/2026,1017,Clothing,North,1, £494.20 ,6.00%,Wallet,8, £464.55 , £494.20 ,Delayed
11677,8/4/2026,1768,Beauty,North,6, £340.09 ,2.00%,COD,9," £1,999.73 "," £2,040.54 ",Delayed
11678,8/5/2026,1589,Electronics,South,7, £298.57 ,11.00%,Card,6," £1,860.09 "," £2,089.99 ",Delayed
11679,8/6/2026,1370,Electronics,East,3, £503.49 ,17.00%,COD,2," £1,253.69 "," £1,510.47 ",On Time
11680,8/7/2026,1174,Clothing,West,4, £562.54 ,35.00%,COD,1," £1,462.60 "," £2,250.16 ",On Time
11681,8/8/2026,1193,Beauty,South,7, £593.69 ,15.00%,COD,8," £3,532.46 "," £4,155.83 ",Delayed
11682,8/9/2026,1501,Clothing,East,1, £246.98 ,25.00%,COD,10, £185.24 , £246.98 ,Delayed
11683,8/10/2026,1987,Electronics,North,7, £594.69 ,24.00%,Card,4," £3,163.75 "," £4,162.83 ",On Time
11684,8/11/2026,1112,Electronics,West,3, £106.22 ,7.00%,COD,11, £296.35 , £318.66 ,Delayed
11685,8/12/2026,1113,Clothing,East,5, £163.33 ,2.00%,COD,11, £800.32 , £816.65 ,Delayed
11686,8/13/2026,1221,Electronics,West,2, £67.07 ,19.00%,COD,7, £108.65 , £134.14 ,Delayed
11687,8/14/2026,1677,Home,East,4, £173.97 ,25.00%,Wallet,10, £521.91 , £695.88 ,Delayed
11688,8/15/2026,1946,Beauty,East,4, £464.24 ,35.00%,Wallet,4," £1,207.02 "," £1,856.96 ",On Time
11689,8/16/2026,1830,Clothing,East,6, £513.96 ,13.00%,COD,1," £2,682.87 "," £3,083.76 ",On Time
11690,8/17/2026,1643,Clothing,East,5, £470.65 ,31.00%,COD,8," £1,623.74 "," £2,353.25 ",Delayed
11691,8/18/2026,1896,Clothing,West,4, £384.17 ,13.00%,COD,10," £1,336.91 "," £1,536.68 ",Delayed
11692,8/19/2026,1263,Electronics,South,6, £315.67 ,24.00%,COD,9," £1,439.46 "," £1,894.02 ",Delayed
11693,8/20/2026,1924,Beauty,West,6, £429.59 ,21.00%,Wallet,10," £2,036.26 "," £2,577.54 ",Delayed
11694,8/21/2026,1054,Clothing,East,6, £243.64 ,2.00%,COD,9," £1,432.60 "," £1,461.84 ",Delayed
11695,8/22/2026,1870,Clothing,West,4, £507.17 ,3.00%,Card,9," £1,967.82 "," £2,028.68 ",Delayed
11696,8/23/2026,1642,Home,West,4, £411.16 ,1.00%,COD,11," £1,628.19 "," £1,644.64 ",Delayed
11697,8/24/2026,1799,Clothing,West,4, £423.22 ,13.00%,COD,11," £1,472.81 "," £1,692.88 ",Delayed
11698,8/25/2026,1777,Clothing,East,3, £328.52 ,26.00%,COD,4, £729.31 , £985.56 ,On Time
11699,8/26/2026,1457,Electronics,West,6, £532.86 ,6.00%,COD,9," £3,005.33 "," £3,197.16 ",Delayed
11700,8/27/2026,1978,Home,North,3, £162.43 ,21.00%,Card,11, £384.96 , £487.29 ,Delayed
11701,8/28/2026,1877,Beauty,East,2, £237.97 ,10.00%,Card,4, £428.35 , £475.94 ,On Time
11702,8/29/2026,1161,Clothing,West,4, £469.92 ,28.00%,Card,2," £1,353.37 "," £1,879.68 ",On Time
11703,8/30/2026,1379,Beauty,North,7, £303.26 ,28.00%,Card,10," £1,528.43 "," £2,122.82 ",Delayed
11704,8/31/2026,1992,Electronics,West,5, £535.19 ,27.00%,Card,3," £1,953.44 "," £2,675.95 ",On Time
11705,9/1/2026,1086,Clothing,South,1, £217.64 ,18.00%,Wallet,2, £178.46 , £217.64 ,On Time
11706,9/2/2026,1054,Clothing,West,2, £231.06 ,10.00%,Card,1, £415.91 , £462.12 ,On Time
11707,9/3/2026,1475,Clothing,West,7, £534.91 ,28.00%,Wallet,11," £2,695.95 "," £3,744.37 ",Delayed
11708,9/4/2026,1799,Clothing,South,1, £286.66 ,7.00%,Card,6, £266.59 , £286.66 ,Delayed
11709,9/5/2026,1177,Electronics,East,1, £316.93 ,10.00%,Card,4, £285.24 , £316.93 ,On Time
11710,9/6/2026,1390,Electronics,South,4, £209.67 ,6.00%,COD,7, £788.36 , £838.68 ,Delayed
11711,9/7/2026,1348,Clothing,East,5, £176.85 ,24.00%,Card,7, £672.03 , £884.25 ,Delayed
11712,9/8/2026,1007,Electronics,South,1, £398.73 ,24.00%,Wallet,10, £303.03 , £398.73 ,Delayed
11713,9/9/2026,1832,Home,West,6, £85.11 ,23.00%,Card,1, £393.21 , £510.66 ,On Time
11714,9/10/2026,1312,Electronics,West,7, £529.37 ,15.00%,Card,9," £3,149.75 "," £3,705.59 ",Delayed
11715,9/11/2026,1758,Electronics,East,1, £470.83 ,4.00%,Wallet,8, £452.00 , £470.83 ,Delayed
11716,9/12/2026,1834,Clothing,East,2, £126.59 ,32.00%,Card,10, £172.16 , £253.18 ,Delayed
11717,9/13/2026,1983,Clothing,North,5, £421.00 ,18.00%,Card,1," £1,726.10 "," £2,105.00 ",On Time
11718,9/14/2026,1982,Beauty,North,5, £367.54 ,14.00%,Card,8," £1,580.42 "," £1,837.70 ",Delayed
11719,9/15/2026,1442,Clothing,West,1, £122.95 ,21.00%,COD,5, £97.13 , £122.95 ,On Time
11720,9/16/2026,1766,Electronics,West,5, £174.82 ,7.00%,Card,1, £812.91 , £874.10 ,On Time
11721,9/17/2026,1327,Home,North,2, £254.26 ,5.00%,COD,4, £483.09 , £508.52 ,On Time
11722,9/18/2026,1053,Clothing,North,7, £424.06 ,14.00%,Wallet,7," £2,552.84 "," £2,968.42 ",Delayed
11723,9/19/2026,1760,Electronics,East,2, £388.65 ,8.00%,Wallet,5, £715.12 , £777.30 ,On Time
11724,9/20/2026,1238,Clothing,South,2, £326.36 ,9.00%,Card,11, £593.98 , £652.72 ,Delayed
11725,9/21/2026,1228,Beauty,East,6, £464.52 ,31.00%,Card,3," £1,923.11 "," £2,787.12 ",On Time
11726,9/22/2026,1578,Clothing,North,4, £458.39 ,19.00%,Card,11," £1,485.18 "," £1,833.56 ",Delayed
11727,9/23/2026,1050,Electronics,West,1, £376.45 ,17.00%,COD,4, £312.45 , £376.45 ,On Time
11728,9/24/2026,1608,Electronics,North,7, £475.39 ,24.00%,Card,2," £2,529.07 "," £3,327.73 ",On Time
11729,9/25/2026,1603,Electronics,West,5, £210.54 ,33.00%,Wallet,8, £705.31 ," £1,052.70 ",Delayed
11730,9/26/2026,1263,Clothing,West,2, £530.53 ,4.00%,COD,2," £1,018.62 "," £1,061.06 ",On Time
11731,9/27/2026,1417,Clothing,West,1, £374.72 ,29.00%,Card,11, £266.05 , £374.72 ,Delayed
11732,9/28/2026,1802,Electronics,West,7, £496.08 ,20.00%,COD,6," £2,778.05 "," £3,472.56 ",Delayed
11733,9/29/2026,1095,Beauty,South,7, £334.57 ,5.00%,Card,7," £2,224.89 "," £2,341.99 ",Delayed
11734,9/30/2026,1087,Home,North,1, £142.79 ,10.00%,Card,7, £128.51 , £142.79 ,Delayed
11735,10/1/2026,1077,Clothing,East,4, £332.31 ,17.00%,Card,1," £1,103.27 "," £1,329.24 ",On Time
11736,10/2/2026,1287,Home,West,6, £232.10 ,24.00%,Card,8," £1,058.38 "," £1,392.60 ",Delayed
11737,10/3/2026,1119,Electronics,West,5, £423.04 ,8.00%,COD,9," £1,945.98 "," £2,115.20 ",Delayed
11738,10/4/2026,1813,Clothing,East,6, £293.34 ,19.00%,COD,7," £1,425.63 "," £1,760.04 ",Delayed
11739,10/5/2026,1490,Clothing,East,7, £504.13 ,24.00%,Card,8," £2,681.97 "," £3,528.91 ",Delayed
11740,10/6/2026,1911,Home,West,5, £411.67 ,16.00%,Wallet,4," £1,729.01 "," £2,058.35 ",On Time
11741,10/7/2026,1451,Home,East,7, £415.46 ,30.00%,Card,8," £2,035.75 "," £2,908.22 ",Delayed
11742,10/8/2026,1499,Electronics,East,2, £142.04 ,30.00%,Card,3, £198.86 , £284.08 ,On Time
11743,10/9/2026,1164,Beauty,South,2, £590.79 ,16.00%,Card,1, £992.53 ," £1,181.58 ",On Time
11744,10/10/2026,1181,Electronics,East,1, £507.38 ,34.00%,COD,8, £334.87 , £507.38 ,Delayed
11745,10/11/2026,1468,Beauty,North,5, £476.57 ,3.00%,Wallet,11," £2,311.36 "," £2,382.85 ",Delayed
11746,10/12/2026,1909,Beauty,North,5, £208.18 ,0.00%,COD,6," £1,040.90 "," £1,040.90 ",Delayed
11747,10/13/2026,1734,Electronics,North,7, £328.34 ,13.00%,Wallet,9," £1,999.59 "," £2,298.38 ",Delayed
11748,10/14/2026,1822,Home,West,6, £95.21 ,21.00%,Card,3, £451.30 , £571.26 ,On Time
11749,10/15/2026,1943,Electronics,North,2, £330.01 ,22.00%,Card,8, £514.82 , £660.02 ,Delayed
11750,10/16/2026,1977,Clothing,South,3, £100.35 ,17.00%,COD,9, £249.87 , £301.05 ,Delayed
11751,10/17/2026,1006,Clothing,North,1, £338.53 ,4.00%,COD,9, £324.99 , £338.53 ,Delayed
11752,10/18/2026,1329,Clothing,West,5, £394.50 ,6.00%,Card,7," £1,854.15 "," £1,972.50 ",Delayed
11753,10/19/2026,1774,Beauty,South,4, £243.26 ,30.00%,Wallet,11, £681.13 , £973.04 ,Delayed
11754,10/20/2026,1672,Home,North,4, £306.65 ,30.00%,Card,10, £858.62 ," £1,226.60 ",Delayed
11755,10/21/2026,1150,Clothing,South,3, £527.26 ,24.00%,Card,3," £1,202.15 "," £1,581.78 ",On Time
11756,10/22/2026,1084,Home,South,2, £78.51 ,23.00%,COD,3, £120.91 , £157.02 ,On Time
11757,10/23/2026,1146,Beauty,West,2, £478.16 ,21.00%,COD,2, £755.49 , £956.32 ,On Time
11758,10/24/2026,1623,Electronics,West,2, £114.89 ,7.00%,Card,1, £213.70 , £229.78 ,On Time
11759,10/25/2026,1380,Beauty,South,6, £36.47 ,15.00%,Card,2, £186.00 , £218.82 ,On Time
11760,10/26/2026,1914,Electronics,North,7, £123.56 ,24.00%,COD,5, £657.34 , £864.92 ,On Time
11761,10/27/2026,1547,Home,West,4, £462.55 ,19.00%,COD,1," £1,498.66 "," £1,850.20 ",On Time
11762,10/28/2026,1284,Electronics,South,2, £252.00 ,1.00%,COD,10, £498.96 , £504.00 ,Delayed
11763,10/29/2026,1699,Electronics,East,4, £525.42 ,33.00%,COD,4," £1,408.13 "," £2,101.68 ",On Time
11764,10/30/2026,1081,Clothing,East,3, £321.95 ,30.00%,Card,11, £676.10 , £965.85 ,Delayed
11765,10/31/2026,1513,Clothing,West,1, £28.02 ,9.00%,Wallet,10, £25.50 , £28.02 ,Delayed
11766,11/1/2026,1896,Clothing,North,7, £434.28 ,22.00%,Wallet,10," £2,371.17 "," £3,039.96 ",Delayed
11767,11/2/2026,1814,Electronics,East,6, £79.49 ,32.00%,Card,1, £324.32 , £476.94 ,On Time
11768,11/3/2026,1708,Clothing,East,5, £476.79 ,3.00%,Card,10," £2,312.43 "," £2,383.95 ",Delayed
11769,11/4/2026,1915,Beauty,East,3, £113.34 ,18.00%,Card,8, £278.82 , £340.02 ,Delayed
11770,11/5/2026,1522,Clothing,North,7, £217.09 ,16.00%,COD,5," £1,276.49 "," £1,519.63 ",On Time
11771,11/6/2026,1745,Electronics,North,4, £460.34 ,14.00%,Wallet,10," £1,583.57 "," £1,841.36 ",Delayed
11772,11/7/2026,1385,Clothing,West,3, £573.23 ,29.00%,COD,4," £1,220.98 "," £1,719.69 ",On Time
11773,11/8/2026,1706,Electronics,West,5, £232.29 ,13.00%,Wallet,3," £1,010.46 "," £1,161.45 ",On Time
11774,11/9/2026,1470,Home,East,7, £500.20 ,2.00%,Card,9," £3,431.37 "," £3,501.40 ",Delayed
11775,11/10/2026,1118,Home,North,6, £126.61 ,2.00%,COD,6, £744.47 , £759.66 ,Delayed
11776,11/11/2026,1395,Clothing,South,1, £487.20 ,1.00%,Card,1, £482.33 , £487.20 ,On Time
11777,11/12/2026,1531,Clothing,East,5, £399.63 ,14.00%,Card,8," £1,718.41 "," £1,998.15 ",Delayed
11778,11/13/2026,1260,Home,West,7, £127.75 ,25.00%,COD,10, £670.69 , £894.25 ,Delayed
11779,11/14/2026,1804,Clothing,North,6, £191.96 ,7.00%,Card,2," £1,071.14 "," £1,151.76 ",On Time
11780,11/15/2026,1933,Home,West,4, £92.09 ,23.00%,COD,9, £283.64 , £368.36 ,Delayed
11781,11/16/2026,1255,Clothing,West,5, £239.04 ,24.00%,COD,11, £908.35 ," £1,195.20 ",Delayed
11782,11/17/2026,1733,Home,North,3, £134.13 ,9.00%,Wallet,7, £366.17 , £402.39 ,Delayed
11783,11/18/2026,1904,Clothing,East,2, £391.74 ,21.00%,Card,3, £618.95 , £783.48 ,On Time
11784,11/19/2026,1225,Clothing,North,3, £596.79 ,24.00%,COD,4," £1,360.68 "," £1,790.37 ",On Time
11785,11/20/2026,1052,Beauty,East,4, £22.03 ,16.00%,Wallet,3, £74.02 , £88.12 ,On Time
11786,11/21/2026,1939,Clothing,West,7, £331.44 ,12.00%,Wallet,6," £2,041.67 "," £2,320.08 ",Delayed
11787,11/22/2026,1866,Clothing,North,1, £350.59 ,22.00%,COD,9, £273.46 , £350.59 ,Delayed
11788,11/23/2026,1499,Electronics,South,5, £549.81 ,34.00%,COD,10," £1,814.37 "," £2,749.05 ",Delayed
11789,11/24/2026,1505,Clothing,East,7, £311.01 ,15.00%,Card,9," £1,850.51 "," £2,177.07 ",Delayed
11790,11/25/2026,1853,Clothing,South,1, £333.07 ,14.00%,COD,1, £286.44 , £333.07 ,On Time
11791,11/26/2026,1363,Electronics,East,4, £290.92 ,16.00%,COD,10, £977.49 ," £1,163.68 ",Delayed
11792,11/27/2026,1279,Electronics,North,5, £172.31 ,3.00%,COD,6, £835.70 , £861.55 ,Delayed
11793,11/28/2026,1592,Clothing,South,6, £47.78 ,19.00%,COD,1, £232.21 , £286.68 ,On Time
11794,11/29/2026,1713,Home,North,6, £254.06 ,12.00%,Card,11," £1,341.44 "," £1,524.36 ",Delayed
11795,11/30/2026,1157,Clothing,East,7, £45.77 ,4.00%,Card,4, £307.57 , £320.39 ,On Time
11796,12/1/2026,1631,Electronics,East,3, £337.04 ,16.00%,COD,7, £849.34 ," £1,011.12 ",Delayed
11797,12/2/2026,1058,Home,East,7, £194.77 ,0.00%,Card,4," £1,363.39 "," £1,363.39 ",On Time
11798,12/3/2026,1726,Electronics,East,3, £327.16 ,14.00%,Card,9, £844.07 , £981.48 ,Delayed
11799,12/4/2026,1127,Clothing,West,4, £93.56 ,4.00%,Card,10, £359.27 , £374.24 ,Delayed
11800,12/5/2026,1735,Electronics,East,6, £560.59 ,1.00%,Card,5," £3,329.90 "," £3,363.54 ",On Time
11801,12/6/2026,1720,Electronics,South,5, £538.29 ,29.00%,Wallet,9," £1,910.93 "," £2,691.45 ",Delayed
11802,12/7/2026,1881,Electronics,East,6, £126.15 ,32.00%,COD,1, £514.69 , £756.90 ,On Time
11803,12/8/2026,1114,Clothing,North,3, £215.91 ,7.00%,Card,4, £602.39 , £647.73 ,On Time
11804,12/9/2026,1208,Electronics,West,7, £373.89 ,19.00%,COD,7," £2,119.96 "," £2,617.23 ",Delayed
11805,12/10/2026,1525,Clothing,South,4, £70.98 ,10.00%,Card,2, £255.53 , £283.92 ,On Time
11806,12/11/2026,1520,Clothing,West,6, £222.42 ,17.00%,COD,9," £1,107.65 "," £1,334.52 ",Delayed
11807,12/12/2026,1551,Clothing,West,4, £161.90 ,15.00%,Card,3, £550.46 , £647.60 ,On Time
11808,12/13/2026,1961,Clothing,West,6, £550.58 ,9.00%,Wallet,4," £3,006.17 "," £3,303.48 ",On Time
11809,12/14/2026,1236,Home,North,7, £513.72 ,25.00%,Card,4," £2,697.03 "," £3,596.04 ",On Time
11810,12/15/2026,1280,Electronics,West,1, £354.20 ,4.00%,COD,8, £340.03 , £354.20 ,Delayed
11811,12/16/2026,1358,Clothing,West,7, £319.40 ,2.00%,Wallet,2," £2,191.08 "," £2,235.80 ",On Time
11812,12/17/2026,1200,Electronics,East,6, £559.47 ,27.00%,Wallet,5," £2,450.48 "," £3,356.82 ",On Time
11813,12/18/2026,1757,Electronics,North,3, £560.47 ,23.00%,Card,2," £1,294.69 "," £1,681.41 ",On Time
11814,12/19/2026,1277,Clothing,South,7, £582.06 ,17.00%,COD,6," £3,381.77 "," £4,074.42 ",Delayed
11815,12/20/2026,1234,Clothing,South,5, £88.35 ,16.00%,Card,9, £371.07 , £441.75 ,Delayed
11816,12/21/2026,1493,Beauty,South,3, £108.93 ,17.00%,COD,9, £271.24 , £326.79 ,Delayed
11817,12/22/2026,1003,Clothing,North,3, £410.89 ,15.00%,Card,1," £1,047.77 "," £1,232.67 ",On Time
11818,12/23/2026,1665,Beauty,South,3, £331.74 ,14.00%,Wallet,4, £855.89 , £995.22 ,On Time
11819,12/24/2026,1441,Electronics,North,4, £25.80 ,17.00%,Card,4, £85.66 , £103.20 ,On Time
11820,12/25/2026,1028,Electronics,East,2, £51.26 ,18.00%,COD,1, £84.07 , £102.52 ,On Time
11821,12/26/2026,1108,Electronics,East,2, £534.53 ,24.00%,COD,10, £812.49 ," £1,069.06 ",Delayed
11822,12/27/2026,1609,Electronics,North,1, £523.29 ,25.00%,Wallet,2, £392.47 , £523.29 ,On Time
11823,12/28/2026,1726,Clothing,South,3, £224.00 ,13.00%,COD,6, £584.64 , £672.00 ,Delayed
11824,12/29/2026,1804,Clothing,North,2, £536.26 ,14.00%,Card,10, £922.37 ," £1,072.52 ",Delayed
11825,12/30/2026,1074,Electronics,North,1, £362.30 ,13.00%,Card,3, £315.20 , £362.30 ,On Time
11826,12/31/2026,1837,Beauty,West,4, £486.45 ,19.00%,Card,9," £1,576.10 "," £1,945.80 ",Delayed
